Id,Odonimo,ID Pianta,Specie,h (m),Diametro (cm),CPC,tipo_foglia,# Primavera, # Estate,# Autunno,# Inverno
ALB_001,Viale Emilia,,Ficus microcarpa,12,47,B,sempreverde,13977,14263,13977,13550
ALB_002,Viale Emilia,,Ficus microcarpa,12,49,B,sempreverde,14756,15057,14756,14304
ALB_003,Viale Emilia,,Ficus microcarpa,12,42,B,sempreverde,12076,12322,12076,11706
ALB_004,Viale Emilia,,Ficus microcarpa,12,32,B,sempreverde,8480,8653,8480,8220
ALB_005,Viale Emilia,,Ficus microcarpa,12,52,B,sempreverde,15941,16266,15941,15453
ALB_006,Viale Emilia,,Ficus microcarpa,12,34,B,sempreverde,9175,9363,9175,8894
ALB_007,Viale Emilia,,Ficus microcarpa,12,39,B,sempreverde,10967,11191,10967,10631
ALB_008,Viale Emilia,,Ficus microcarpa,12,42,B,sempreverde,12076,12322,12076,11706
ALB_009,Viale Emilia,,Ficus microcarpa,12,42,B,sempreverde,12076,12322,12076,11706
ALB_010,Viale Emilia,,Ficus microcarpa,12,39,B,sempreverde,10967,11191,10967,10631
ALB_011,Viale Emilia,,Ficus microcarpa,12,36,B,sempreverde,9883,10085,9883,9581
ALB_012,Viale Emilia,,Ficus microcarpa,12,48,B,sempreverde,14365,14658,14365,13925
ALB_013,Viale Emilia,,Ficus microcarpa,12,55,B,sempreverde,17146,17496,17146,16621
ALB_014,Viale Emilia,,Ficus microcarpa,15,36,B,sempreverde,12081,12328,12081,11711
ALB_015,Viale Emilia,,Ficus microcarpa,15,42,B,sempreverde,14762,15063,14762,14310
ALB_016,Viale Emilia,,Ficus microcarpa,15,38,B,sempreverde,12961,13225,12961,12564
ALB_017,Viale Emilia,,Ficus microcarpa,15,47,B,sempreverde,17086,17435,17086,16563
ALB_018,Viale Emilia,,Ficus microcarpa,15,32,C,sempreverde,8537,8711,8537,8275
ALB_019,Viale Emilia,,Ficus microcarpa,12,70,B,sempreverde,23460,23939,23460,22742
ALB_020,Viale Emilia,,Ficus microcarpa,12,45,B,sempreverde,13209,13479,13209,12805
ALB_021,Viale Emilia,,Ficus microcarpa,12,62,B,sempreverde,20036,20445,20036,19423
ALB_022,Viale Emilia,,Ficus microcarpa,12,68,B,sempreverde,22592,23053,22592,21901
ALB_023,Viale Emilia,,Ficus microcarpa,12,77,B,sempreverde,26554,27096,26554,25742
ALB_024,Viale Emilia,,Ficus microcarpa,12,42,B,sempreverde,12076,12322,12076,11706
ALB_025,Viale Emilia,,Ficus microcarpa,12,50,B,sempreverde,15148,15457,15148,14684
ALB_026,Viale Emilia,,Ficus microcarpa,12,49,B,sempreverde,14756,15057,14756,14304
ALB_027,Viale Emilia,,Ficus microcarpa,12,38,B,sempreverde,10603,10819,10603,10278
ALB_028,Viale Emilia,,Ficus microcarpa,12,45,B,sempreverde,13209,13479,13209,12805
ALB_029,Viale Emilia,,Ficus microcarpa,12,62,B,sempreverde,20036,20445,20036,19423
ALB_030,Viale Emilia,,Ficus microcarpa,12,79,B,sempreverde,27455,28015,27455,26614
ALB_031,Viale Emilia,,Ficus microcarpa,12,77,B,sempreverde,26554,27096,26554,25742
ALB_032,Viale Emilia,,Ficus microcarpa,15,45,B,sempreverde,16147,16477,16147,15653
ALB_033,Viale Emilia,,Ficus microcarpa,15,42,B,sempreverde,14762,15063,14762,14310
ALB_034,Viale Emilia,,Ficus microcarpa,15,38,B,sempreverde,12961,13225,12961,12564
ALB_035,Viale Emilia,,Ficus microcarpa,15,52,C,sempreverde,16047,16375,16047,15556
ALB_036,Viale Emilia,,Ficus microcarpa,12,48,B,sempreverde,14365,14658,14365,13925
ALB_037,Viale Emilia,,Ficus microcarpa,12,43,B,sempreverde,12451,12705,12451,12070
ALB_038,Viale Emilia,,Ficus microcarpa,12,43,B,sempreverde,12451,12705,12451,12070
ALB_039,Viale Emilia,,Ficus microcarpa,12,45,B,sempreverde,13209,13479,13209,12805
ALB_040,Viale Emilia,,Ficus microcarpa,12,50,B,sempreverde,15148,15457,15148,14684
ALB_041,Viale Emilia,,Ficus microcarpa,12,55,B,sempreverde,17146,17496,17146,16621
ALB_042,Viale Emilia,,Ficus microcarpa,12,45,B,sempreverde,13209,13479,13209,12805
ALB_043,Viale Emilia,,Ficus microcarpa,12,48,C,sempreverde,11830,12072,11830,11468
ALB_044,Viale Emilia,,Ficus microcarpa,12,55,B,sempreverde,17146,17496,17146,16621
ALB_045,Viale Emilia,,Ficus microcarpa,12,41,B,sempreverde,11704,11942,11704,11345
ALB_046,Viale Emilia,,Ficus microcarpa,12,39,B,sempreverde,10967,11191,10967,10631
ALB_047,Viale Emilia,,Ficus microcarpa,12,38,D,sempreverde,6237,6364,6237,6046
ALB_048,Viale Emilia,,Ficus microcarpa,12,37,C,sempreverde,8434,8606,8434,8176
ALB_049,Viale Emilia,,Ficus microcarpa,12,39,B,sempreverde,10967,11191,10967,10631
ALB_050,Viale Emilia,,Ficus microcarpa,12,38,B,sempreverde,10603,10819,10603,10278
ALB_051,Viale Emilia,,Ficus microcarpa,12,45,B,sempreverde,13209,13479,13209,12805
ALB_052,Viale Emilia,,Brachychiton acerifolius ,10,27,C,semi-decidua,3231,4308,3662,2585
ALB_053,Viale Emilia,,Brachychiton acerifolius ,10,32,B,semi-decidua,4893,6524,5545,3914
ALB_054,Viale Emilia,,Brachychiton acerifolius ,12,32,B,semi-decidua,5765,7687,6534,4612
ALB_055,Viale Emilia,,Ficus benjamina,10,18,C,sempreverde,2639,2693,2639,2558
ALB_056,Viale Emilia,,Celtis australis,15,137,C,decidua,56533,80761,44419,0
ALB_057,Viale Emilia,,Acer negundo,8,42,D,decidua,3271,5032,2265,0
ALB_058,Viale Emilia,,Robinia pseudoacacia,12,45,B,decidua,11813,16875,8438,0
ALB_059,Viale Emilia,,Sophora japonica,12,38,B,decidua,9323,13318,6659,0
ALB_060,Viale Emilia,,Sophora japonica,,30,B,decidua,0,0,0,0
ALB_061,Viale Emilia,,Robinia pseudoacacia,,15,Ceppaia,decidua,0,0,0,0
ALB_062,Viale Emilia,,Robinia pseudoacacia,,15,Ceppaia,decidua,0,0,0,0
ALB_063,Viale Emilia,,Robinia pseudoacacia,,15,Ceppaia,decidua,0,0,0,0
ALB_064,Viale Emilia,,Robinia pseudoacacia,,15,Ceppaia,decidua,0,0,0,0
ALB_065,Viale Emilia,,Pinus halepensis,16,64,D,sempreverde,2923,2983,2923,2834
ALB_066,Via Pignatelli Aragona,,Ficus microcarpa,12,76,B,sempreverde,26107,26640,26107,25308
ALB_067,Via Pignatelli Aragona,,Ficus microcarpa,12,52,B,sempreverde,15941,16266,15941,15453
ALB_068,Via Pignatelli Aragona,,Ficus microcarpa,12,79,B,sempreverde,27455,28015,27455,26614
ALB_069,Via Pignatelli Aragona,,Ficus microcarpa,12,53,D,sempreverde,9612,9808,9612,9318
ALB_070,Via Pignatelli Aragona,,Ficus microcarpa,12,59,B,sempreverde,18785,19168,18785,18210
ALB_071,Via Pignatelli Aragona,,Ficus microcarpa,12,65,B,sempreverde,21305,21740,21305,20653
ALB_072,Via Pignatelli Aragona,,Ficus microcarpa,12,65,B,sempreverde,21305,21740,21305,20653
ALB_073,Via Pignatelli Aragona,,Ficus microcarpa,12,63,C,sempreverde,16847,17191,16847,16331
ALB_074,Via Pignatelli Aragona,,Ficus microcarpa,12,82,C,sempreverde,23732,24216,23732,23006
ALB_075,Via Pignatelli Aragona,,Ficus microcarpa,12,77,B,sempreverde,26554,27096,26554,25742
ALB_076,Via Pignatelli Aragona,,Ficus microcarpa,12,62,B,sempreverde,20036,20445,20036,19423
ALB_077,Via Pignatelli Aragona,,Ficus microcarpa,12,49,C,sempreverde,12152,12400,12152,11780
ALB_078,Via Pignatelli Aragona,,Ficus microcarpa,12,41,B,sempreverde,11704,11942,11704,11345
ALB_079,Via Pignatelli Aragona,,Ficus microcarpa,12,38,C/D,sempreverde,3742,3819,3742,3628
ALB_080,Via Pignatelli Aragona,,Ficus microcarpa,12,50,C/D,sempreverde,5346,5456,5346,5183
ALB_081,Via Pignatelli Aragona,,Ficus microcarpa,12,48,C,sempreverde,11830,12072,11830,11468
ALB_082,Via Pignatelli Aragona,,Ficus microcarpa,10,37,D,sempreverde,5113,5217,5113,4956
ALB_083,Via Pignatelli Aragona,,Ficus microcarpa,12,45,D,sempreverde,7770,7929,7770,7532
ALB_084,Via Pignatelli Aragona,,Ficus microcarpa,12,42,B,sempreverde,12076,12322,12076,11706
ALB_085,Via Pignatelli Aragona,,Ficus microcarpa,12,35,B,sempreverde,9528,9722,9528,9236
ALB_086,Via Pignatelli Aragona,,Ficus microcarpa,12,47,B,sempreverde,13977,14263,13977,13550
ALB_087,Via Pignatelli Aragona,,Ficus microcarpa,12,65,B,sempreverde,21305,21740,21305,20653
ALB_088,Via Pignatelli Aragona,,Ficus microcarpa,12,40,B,sempreverde,11334,11565,11334,10987
ALB_089,Via Pignatelli Aragona,,Ficus microcarpa,12,49,B,sempreverde,14756,15057,14756,14304
ALB_090,Via Pignatelli Aragona,,Ficus microcarpa,12,47,B,sempreverde,13977,14263,13977,13550
ALB_091,Via Pignatelli Aragona,,Ficus microcarpa,12,50,C,sempreverde,12475,12730,12475,12093
ALB_092,Via Pignatelli Aragona,,Ficus microcarpa,12,46,C/D,sempreverde,4797,4895,4797,4650
ALB_093,Via Pignatelli Aragona,,Ficus microcarpa,12,65,B,sempreverde,21305,21740,21305,20653
ALB_094,Via Pignatelli Aragona,,Ficus microcarpa,12,62,B,sempreverde,20036,20445,20036,19423
ALB_095,Via Pignatelli Aragona,,Ficus microcarpa,12,68,B,sempreverde,22592,23053,22592,21901
ALB_096,Via Pignatelli Aragona,,Ficus microcarpa,12,38,B,sempreverde,10603,10819,10603,10278
ALB_097,Via Pignatelli Aragona,,Ficus microcarpa,12,58,D,sempreverde,10807,11028,10807,10476
ALB_098,Via Pignatelli Aragona,,Ficus microcarpa,12,38,D,sempreverde,6237,6364,6237,6046
ALB_099,Via Pignatelli Aragona,,Ficus microcarpa,12,41,B,sempreverde,11704,11942,11704,11345
ALB_100,Via Pignatelli Aragona,,Ficus microcarpa,12,43,B,sempreverde,12451,12705,12451,12070
ALB_101,Via Pignatelli Aragona,,Ficus microcarpa,12,52,B,sempreverde,15941,16266,15941,15453
ALB_102,Via Pignatelli Aragona,,Ficus microcarpa,12,45,B,sempreverde,13209,13479,13209,12805
ALB_103,Via Pignatelli Aragona,,Ficus microcarpa,12,55,B,sempreverde,17146,17496,17146,16621
ALB_104,Via Pignatelli Aragona,,Ficus microcarpa,12,48,B,sempreverde,14365,14658,14365,13925
ALB_105,Via Pignatelli Aragona,,Ficus microcarpa,12,36,B,sempreverde,9883,10085,9883,9581
ALB_106,Via Pignatelli Aragona,,Ficus microcarpa,12,48,C,sempreverde,11830,12072,11830,11468
ALB_107,Via Pignatelli Aragona,,Ficus microcarpa,12,52,C,sempreverde,13128,13395,13128,12726
ALB_108,Via Pignatelli Aragona,,Ficus microcarpa,12,52,C,sempreverde,13128,13395,13128,12726
ALB_109,Via Pignatelli Aragona,,Ficus microcarpa,12,78,B,sempreverde,27004,27555,27004,26177
ALB_110,Via Pignatelli Aragona,,Ficus microcarpa,12,59,B,sempreverde,18785,19168,18785,18210
ALB_111,Via Pignatelli Aragona,,Ficus microcarpa,12,65,B,sempreverde,21305,21740,21305,20653
ALB_112,Via Pignatelli Aragona,,Ficus microcarpa,12,65,B,sempreverde,21305,21740,21305,20653
ALB_113,Via Pignatelli Aragona,,Ficus microcarpa,12,103,B,sempreverde,38760,39551,38760,37574
ALB_114,Via Delle Croci,,Ficus microcarpa,12,48,B,sempreverde,14365,14658,14365,13925
ALB_115,Via Delle Croci,,Ficus microcarpa,12,48,B,sempreverde,14365,14658,14365,13925
ALB_116,Via Delle Croci,,Ficus microcarpa,12,46,B,sempreverde,13592,13869,13592,13176
ALB_117,Via Delle Croci,,Ficus microcarpa,12,42,B,sempreverde,12076,12322,12076,11706
ALB_118,Via Delle Croci,,Ficus microcarpa,12,47,B,sempreverde,13977,14263,13977,13550
ALB_119,Via Delle Croci,,Ficus microcarpa,12,45,B,sempreverde,13209,13479,13209,12805
ALB_120,Via Delle Croci,,Ficus microcarpa,12,39,B,sempreverde,10967,11191,10967,10631
ALB_121,Via Delle Croci,,Ficus microcarpa,12,49,B,sempreverde,14756,15057,14756,14304
ALB_122,Via Delle Croci,,Ficus microcarpa,12,46,B,sempreverde,13592,13869,13592,13176
ALB_123,Via Delle Croci,,Ficus microcarpa,12,39,C,sempreverde,9032,9216,9032,8755
ALB_124,Via Delle Croci,,Ficus microcarpa,12,42,B,sempreverde,12076,12322,12076,11706
ALB_125,Via Delle Croci,,Ficus microcarpa,12,48,C,sempreverde,11830,12072,11830,11468
ALB_126,Via Delle Croci,,Ficus microcarpa,12,50,B,sempreverde,15148,15457,15148,14684
ALB_127,Via Delle Croci,,Ficus microcarpa,12,48,B,sempreverde,14365,14658,14365,13925
ALB_128,Via Delle Croci,,Ficus microcarpa,12,56,B,sempreverde,17553,17911,17553,17015
ALB_129,Via Delle Croci,,Ficus microcarpa,12,49,C,sempreverde,12152,12400,12152,11780
ALB_130,Via Delle Croci,,Ficus microcarpa,12,38,C/D,sempreverde,3742,3819,3742,3628
ALB_131,Via Delle Croci,,Ficus microcarpa,12,49,B,sempreverde,14756,15057,14756,14304
ALB_132,Via Delle Croci,,Ficus microcarpa,12,45,B,sempreverde,13209,13479,13209,12805
ALB_133,Via Delle Croci,,Ficus microcarpa,12,42,C,sempreverde,9945,10148,9945,9641
ALB_134,Via Delle Croci,,Ficus microcarpa,12,65,C,sempreverde,17546,17904,17546,17008
ALB_135,Via Delle Croci,,Ficus microcarpa,12,72,B,sempreverde,24335,24832,24335,23590
ALB_136,Via Delle Croci,,Ficus microcarpa,12,58,C,sempreverde,15130,15439,15130,14667
ALB_137,Via Delle Croci,,Ficus microcarpa,12,47,B,sempreverde,13977,14263,13977,13550
ALB_138,Via Delle Croci,,Ficus microcarpa,12,37,B,sempreverde,10241,10450,10241,9928
ALB_139,Via Delle Croci,,Ficus microcarpa,12,49,B,sempreverde,14756,15057,14756,14304
ALB_140,Via Delle Croci,,Ficus microcarpa,12,45,C/D,sempreverde,4662,4757,4662,4519
ALB_141,Via Delle Croci,,Ficus microcarpa,12,42,B,sempreverde,12076,12322,12076,11706
ALB_142,Via Delle Croci,,Ficus microcarpa,12,42,C/D,sempreverde,4262,4349,4262,4132
ALB_143,Via Delle Croci,,Ficus microcarpa,12,45,B,sempreverde,13209,13479,13209,12805
ALB_144,Via Delle Croci,,Ficus microcarpa,12,39,B,sempreverde,10967,11191,10967,10631
ALB_145,Via Delle Croci,,Ficus microcarpa,12,43,B,sempreverde,12451,12705,12451,12070
ALB_146,Via Delle Croci,,Ficus microcarpa,10,45,D,sempreverde,6594,6729,6594,6392
ALB_147,Via Delle Croci,,Ficus microcarpa,12,45,C,sempreverde,10878,11100,10878,10545
ALB_148,Via Delle Croci,,Ficus microcarpa,12,41,C,sempreverde,9638,9835,9638,9343
ALB_149,Via Delle Croci,,Ficus microcarpa,12,42,D,sempreverde,7104,7249,7104,6886
ALB_150,Via Delle Croci,,Ficus microcarpa,12,35,D,sempreverde,5605,5719,5605,5433
ALB_151,Via Delle Croci,,Ficus microcarpa,12,38,B,sempreverde,10603,10819,10603,10278
ALB_152,Via Delle Croci,,Ficus microcarpa,12,40,D,sempreverde,6667,6803,6667,6463
ALB_153,Via Delle Croci,,Ficus microcarpa,12,40,C,sempreverde,9334,9524,9334,9048
ALB_154,Via Delle Croci,,Ficus microcarpa,12,48,C/D,sempreverde,5070,5174,5070,4915
ALB_155,Via Delle Croci,,Ficus microcarpa,12,39,C,sempreverde,9032,9216,9032,8755
ALB_156,Via Delle Croci,,Ficus microcarpa,12,43,C,sempreverde,10254,10463,10254,9940
ALB_157,Via Delle Croci,,Ficus microcarpa,12,47,C,sempreverde,11511,11746,11511,11158
ALB_158,Via Delle Croci,,Ficus microcarpa,12,42,B,sempreverde,12076,12322,12076,11706
ALB_159,Via Delle Croci,,Ficus microcarpa,12,41,C,sempreverde,9638,9835,9638,9343
ALB_160,Via Delle Croci,,Ficus microcarpa,12,35,B,sempreverde,9528,9722,9528,9236
ALB_161,Via Delle Croci,,Ficus microcarpa,12,59,B,sempreverde,18785,19168,18785,18210
ALB_162,Via Delle Croci,,Ficus microcarpa,12,35,B,sempreverde,9528,9722,9528,9236
ALB_163,Via Delle Croci,,Ficus microcarpa,12,38,B,sempreverde,10603,10819,10603,10278
ALB_164,Via Delle Croci,,Ficus microcarpa,12,37,B,sempreverde,10241,10450,10241,9928
ALB_165,Via Delle Croci,,Ficus microcarpa,12,35,B,sempreverde,9528,9722,9528,9236
ALB_166,Via Scoto Michele,,Ficus microcarpa,12,69,B,sempreverde,23025,23495,23025,22320
ALB_167,Via Scoto Michele,,Ficus microcarpa,12,64,B,sempreverde,20880,21306,20880,20241
ALB_168,Via Scoto Michele,,Ficus microcarpa,12,62,B,sempreverde,20036,20445,20036,19423
ALB_169,Via Scoto Michele,,Ficus microcarpa,12,58,B,sempreverde,18372,18747,18372,17810
ALB_170,Via Scoto Michele,,Ficus microcarpa,12,62,B,sempreverde,20036,20445,20036,19423
ALB_171,Via Scoto Michele,,Ficus microcarpa,12,65,B,sempreverde,21305,21740,21305,20653
ALB_172,Via Scoto Michele,,Ficus microcarpa,12,58,B,sempreverde,18372,18747,18372,17810
ALB_173,Via Scoto Michele,,Ficus microcarpa,12,72,B,sempreverde,24335,24832,24335,23590
ALB_174,Via Scoto Michele,,Ficus microcarpa,12,65,B,sempreverde,21305,21740,21305,20653
ALB_175,Via Scoto Michele,,Ficus microcarpa,12,70,B,sempreverde,23460,23939,23460,22742
ALB_176,Via Scoto Michele,,Ficus microcarpa,12,49,B,sempreverde,14756,15057,14756,14304
ALB_177,Via Scoto Michele,,Ficus microcarpa,12,45,B,sempreverde,13209,13479,13209,12805
ALB_178,Via Scoto Michele,,Ficus microcarpa,12,51,B,sempreverde,15543,15860,15543,15067
ALB_179,Via Scoto Michele,,Ficus microcarpa,12,54,B,sempreverde,16742,17084,16742,16230
ALB_180,Via Scoto Michele,,Ficus microcarpa,12,45,B,sempreverde,13209,13479,13209,12805
ALB_181,Via Scoto Michele,,Ficus microcarpa,12,56,B,sempreverde,17553,17911,17553,17015
ALB_182,Via Scoto Michele,,Ficus microcarpa,12,58,B,sempreverde,18372,18747,18372,17810
ALB_183,Via Scoto Michele,,Ficus microcarpa,12,42,B,sempreverde,12076,12322,12076,11706
ALB_184,Via Scoto Michele,,Ficus microcarpa,12,42,B,sempreverde,12076,12322,12076,11706
ALB_185,Via Scoto Michele,,Ficus microcarpa,12,45,B,sempreverde,13209,13479,13209,12805
ALB_186,Via Scoto Michele,,Ficus microcarpa,12,47,D,sempreverde,8222,8390,8222,7970
ALB_187,Via Scoto Michele,,Ficus microcarpa,12,58,C,sempreverde,15130,15439,15130,14667
ALB_188,Via Scoto Michele,,Ficus microcarpa,12,58,B,sempreverde,18372,18747,18372,17810
ALB_189,Via Scoto Michele,,Ficus microcarpa,12,50,B,sempreverde,15148,15457,15148,14684
ALB_190,Via Scoto Michele,,Ficus microcarpa,12,61,B,sempreverde,19617,20017,19617,19016
ALB_191,Via Scoto Michele,,Ficus microcarpa,12,43,B,sempreverde,12451,12705,12451,12070
ALB_192,Via Scoto Michele,,Ficus microcarpa,12,45,B,sempreverde,13209,13479,13209,12805
ALB_193,Via Scoto Michele,,Ficus microcarpa,12,43,B,sempreverde,12451,12705,12451,12070
ALB_194,Viale Dei Picciotti - A,,Ficus microcarpa,12,42,B,sempreverde,12076,12322,12076,11706
ALB_195,Viale Dei Picciotti - A,,Ficus microcarpa,12,45,B,sempreverde,13209,13479,13209,12805
ALB_196,Viale Dei Picciotti - A,,Ficus microcarpa,12,47,C,sempreverde,11511,11746,11511,11158
ALB_197,Viale Dei Picciotti - A,,Ficus microcarpa,12,53,B,sempreverde,16340,16674,16340,15840
ALB_198,Viale Dei Picciotti - A,,Ficus microcarpa,12,50,B,sempreverde,15148,15457,15148,14684
ALB_199,Viale Dei Picciotti - A,,Ficus microcarpa,12,56,B,sempreverde,17553,17911,17553,17015
ALB_200,Viale Dei Picciotti - A,,Ficus microcarpa,12,52,C,sempreverde,13128,13395,13128,12726
ALB_201,Viale Dei Picciotti - A,,Ficus microcarpa,12,48,C,sempreverde,11830,12072,11830,11468
ALB_202,Viale Dei Picciotti - A,,Ficus microcarpa,12,60,B,sempreverde,19200,19592,19200,18612
ALB_203,Viale Dei Picciotti - A,,Ficus microcarpa,12,58,B,sempreverde,18372,18747,18372,17810
ALB_204,Viale Dei Picciotti - A,,Ficus microcarpa,12,63,B,sempreverde,20457,20874,20457,19831
ALB_205,Viale Dei Picciotti - A,,Ficus microcarpa,12,71,C,sempreverde,19680,20081,19680,19077
ALB_206,Viale Dei Picciotti - A,,Ficus microcarpa,12,66,B,sempreverde,21732,22176,21732,21067
ALB_207,Viale Dei Picciotti - A,,Ficus microcarpa,12,60,B,sempreverde,19200,19592,19200,18612
ALB_208,Viale Dei Picciotti - A,,Ficus microcarpa,12,39,B,sempreverde,10967,11191,10967,10631
ALB_209,Viale Dei Picciotti - A,,Ficus microcarpa,12,41,B,sempreverde,11704,11942,11704,11345
ALB_210,Viale Dei Picciotti - A,,Ficus microcarpa,12,44,B,sempreverde,12829,13091,12829,12436
ALB_211,Viale Dei Picciotti - A,,Ficus microcarpa,12,37,B,sempreverde,10241,10450,10241,9928
ALB_212,Viale Dei Picciotti - A,,Ficus microcarpa,12,38,B,sempreverde,10603,10819,10603,10278
ALB_213,Viale Dei Picciotti - A,,Ficus microcarpa,12,47,B,sempreverde,13977,14263,13977,13550
ALB_214,Viale Dei Picciotti - A,,Ficus microcarpa,12,35,B,sempreverde,9528,9722,9528,9236
ALB_215,Viale Dei Picciotti - A,,Ficus microcarpa,12,47,B,sempreverde,13977,14263,13977,13550
ALB_216,Viale Dei Picciotti - A,,Ficus microcarpa,12,36,C/D,sempreverde,3488,3559,3488,3381
ALB_217,Viale Dei Picciotti - A,,Ficus microcarpa,12,40,C/D,sempreverde,4000,4082,4000,3878
ALB_218,Viale Dei Picciotti - A,,Ficus microcarpa,12,47,C,sempreverde,11511,11746,11511,11158
ALB_219,Viale Dei Picciotti - A,,Ficus microcarpa,12,38,B,sempreverde,10603,10819,10603,10278
ALB_220,Viale Dei Picciotti - A,,Ficus microcarpa,12,42,B,sempreverde,12076,12322,12076,11706
ALB_221,Viale Dei Picciotti - A,,Ficus microcarpa,12,45,B,sempreverde,13209,13479,13209,12805
ALB_222,Viale Dei Picciotti - A,,Ficus microcarpa,12,35,B,sempreverde,9528,9722,9528,9236
ALB_223,Viale Dei Picciotti - A,,Ficus microcarpa,12,48,B,sempreverde,14365,14658,14365,13925
ALB_224,Viale Dei Picciotti - A,,Ficus microcarpa,12,39,B,sempreverde,10967,11191,10967,10631
ALB_225,Viale Dei Picciotti - B,,Ficus microcarpa,12,47,B,sempreverde,13977,14263,13977,13550
ALB_226,Viale Dei Picciotti - B,,Ficus microcarpa,12,45,B,sempreverde,13209,13479,13209,12805
ALB_227,Viale Dei Picciotti - B,,Ficus microcarpa,12,47,C/D,sempreverde,4933,5034,4933,4782
ALB_228,Viale Dei Picciotti - B,,Ficus microcarpa,12,52,B,sempreverde,15941,16266,15941,15453
ALB_229,Viale Dei Picciotti - B,,Ficus rubiginosa,12,32,B,sempreverde,7977,8139,7977,7732
ALB_230,Viale Dei Picciotti - B,,Ficus microcarpa,12,40,B,sempreverde,11334,11565,11334,10987
ALB_231,Viale Dei Picciotti - B,,Ficus microcarpa,12,39,B,sempreverde,10967,11191,10967,10631
ALB_232,Viale Dei Picciotti - B,,Ficus microcarpa,12,43,C,sempreverde,10254,10463,10254,9940
ALB_233,Viale Dei Picciotti - B,,Ficus microcarpa,12,55,B,sempreverde,17146,17496,17146,16621
ALB_234,Viale Dei Picciotti - B,,Ficus microcarpa,12,54,C,sempreverde,13788,14069,13788,13366
ALB_235,Viale Dei Picciotti - B,,Ficus microcarpa,12,42,B,sempreverde,12076,12322,12076,11706
ALB_236,Viale Dei Picciotti - B,,Ficus microcarpa,12,49,B,sempreverde,14756,15057,14756,14304
ALB_237,Viale Dei Picciotti - B,,Ficus microcarpa,12,42,B,sempreverde,12076,12322,12076,11706
ALB_238,Viale Dei Picciotti - B,,Ficus microcarpa,12,42,B,sempreverde,12076,12322,12076,11706
ALB_239,Viale Dei Picciotti - B,,Ficus microcarpa,12,43,B,sempreverde,12451,12705,12451,12070
ALB_240,Viale Dei Picciotti - B,,Ficus microcarpa,12,35,B,sempreverde,9528,9722,9528,9236
ALB_241,Viale Dei Picciotti - B,,Ficus microcarpa,12,42,B,sempreverde,12076,12322,12076,11706
ALB_242,Viale Dei Picciotti - B,,Ficus microcarpa,12,42,C,sempreverde,9945,10148,9945,9641
ALB_243,Viale Dei Picciotti - B,,Ficus microcarpa,12,46,C,sempreverde,11193,11422,11193,10851
ALB_244,Viale Dei Picciotti - B,,Ficus microcarpa,12,53,B,sempreverde,16340,16674,16340,15840
ALB_245,Viale Dei Picciotti - B,,Ficus microcarpa,12,53,B,sempreverde,16340,16674,16340,15840
ALB_246,Viale Dei Picciotti - B,,Ficus microcarpa,12,48,B,sempreverde,14365,14658,14365,13925
ALB_247,Viale Dei Picciotti - B,,Ficus microcarpa,12,50,C,sempreverde,12475,12730,12475,12093
ALB_248,Viale Dei Picciotti - B,,Ficus microcarpa,12,45,B,sempreverde,13209,13479,13209,12805
ALB_249,Viale Dei Picciotti - B,,Ficus microcarpa,12,40,B,sempreverde,11334,11565,11334,10987
ALB_250,Viale Dei Picciotti - B,,Ficus microcarpa,12,45,B,sempreverde,13209,13479,13209,12805
ALB_251,Viale Dei Picciotti - B,,Ficus microcarpa,12,78,B,sempreverde,27004,27555,27004,26177
ALB_252,Viale Dei Picciotti - B,,Ficus microcarpa,12,45,B,sempreverde,13209,13479,13209,12805
ALB_253,Viale Dei Picciotti - B,,Ficus microcarpa,12,42,B,sempreverde,12076,12322,12076,11706
ALB_254,Viale Dei Picciotti - B,,Ficus microcarpa,12,45,B,sempreverde,13209,13479,13209,12805
ALB_255,Viale Dei Picciotti - B,,Ficus microcarpa,12,52,B,sempreverde,15941,16266,15941,15453
ALB_256,Viale Dei Picciotti - B,,Ficus microcarpa,12,45,B,sempreverde,13209,13479,13209,12805
ALB_257,Viale Dei Picciotti - B,,Ficus microcarpa,12,50,B,sempreverde,15148,15457,15148,14684
ALB_258,Viale Dei Picciotti - B,,Ficus microcarpa,12,54,B,sempreverde,16742,17084,16742,16230
ALB_259,Via Rizzo Ammiraglio,001,Ficus microcarpa,12,65,B,sempreverde,21305,21740,21305,20653
ALB_260,Via Rizzo Ammiraglio,002,Ficus microcarpa,12,65,B,sempreverde,21305,21740,21305,20653
ALB_261,Via Rizzo Ammiraglio,003,Ficus microcarpa,12,66,B,sempreverde,21732,22176,21732,21067
ALB_262,Via Rizzo Ammiraglio,004,Ficus microcarpa,12,58,B,sempreverde,18372,18747,18372,17810
ALB_263,Via Rizzo Ammiraglio,005,Ficus microcarpa,12,46,B,sempreverde,13592,13869,13592,13176
ALB_264,Via Rizzo Ammiraglio,006,Ficus microcarpa,12,50,B,sempreverde,15148,15457,15148,14684
ALB_265,Via Rizzo Ammiraglio,007,Ficus microcarpa,12,43,D,sempreverde,7324,7474,7324,7100
ALB_266,Via Rizzo Ammiraglio,008,Ficus microcarpa,12,47,B,sempreverde,13977,14263,13977,13550
ALB_267,Via Rizzo Ammiraglio,009,Ficus microcarpa,12,45,B,sempreverde,13209,13479,13209,12805
ALB_268,Via Rizzo Ammiraglio,010,Ficus microcarpa,12,39,B,sempreverde,10967,11191,10967,10631
ALB_269,Via Rizzo Ammiraglio,011,Ficus microcarpa,12,37,B,sempreverde,10241,10450,10241,9928
ALB_270,Via Rizzo Ammiraglio,012,Ficus microcarpa,12,34,B,sempreverde,9175,9363,9175,8894
ALB_271,Via Rizzo Ammiraglio,013,Ficus microcarpa,12,53,B,sempreverde,16340,16674,16340,15840
ALB_272,Via Rizzo Ammiraglio,014,Ficus microcarpa,12,35,C/D,sempreverde,3363,3431,3363,3260
ALB_273,Via Rizzo Ammiraglio,015,Ficus microcarpa,12,50,B,sempreverde,15148,15457,15148,14684
ALB_274,Via Rizzo Ammiraglio,016,Ficus microcarpa,12,62,C,sempreverde,16500,16837,16500,15995
ALB_275,Via Rizzo Ammiraglio,017,Ficus microcarpa,12,55,B,sempreverde,17146,17496,17146,16621
ALB_276,Via Rizzo Ammiraglio,018,Ficus microcarpa,12,65,B,sempreverde,21305,21740,21305,20653
ALB_277,Via Rizzo Ammiraglio,019,Ficus microcarpa,12,60,B,sempreverde,19200,19592,19200,18612
ALB_278,Via Rizzo Ammiraglio,020,Ficus microcarpa,12,65,B,sempreverde,21305,21740,21305,20653
ALB_279,Via Rizzo Ammiraglio,021,Ficus microcarpa,12,55,C/D,sempreverde,6052,6175,6052,5866
ALB_280,Via Rizzo Ammiraglio,022,Ficus microcarpa,12,57,B,sempreverde,17961,18328,17961,17411
ALB_281,Via Rizzo Ammiraglio,023,Ficus microcarpa,12,42,D,sempreverde,7104,7249,7104,6886
ALB_282,Via Rizzo Ammiraglio,024,Ficus microcarpa,12,55,C/D,sempreverde,6052,6175,6052,5866
ALB_283,Via Rizzo Ammiraglio,025,Ficus microcarpa,12,60,B,sempreverde,19200,19592,19200,18612
ALB_284,Via Rizzo Ammiraglio,026,Ficus microcarpa,12,55,B,sempreverde,17146,17496,17146,16621
ALB_285,Via Rizzo Ammiraglio,027,Ficus microcarpa,12,48,B,sempreverde,14365,14658,14365,13925
ALB_286,Via Rizzo Ammiraglio,028,Ficus microcarpa,12,55,B,sempreverde,17146,17496,17146,16621
ALB_287,Via Rizzo Ammiraglio,029,Ficus microcarpa,12,62,B,sempreverde,20036,20445,20036,19423
ALB_288,Via Rizzo Ammiraglio,030,Ficus microcarpa,12,75,B,sempreverde,25661,26185,25661,24876
ALB_289,Via Rizzo Ammiraglio,031,Ficus microcarpa,12,45,B,sempreverde,13209,13479,13209,12805
ALB_290,Via Rizzo Ammiraglio,032,Ficus microcarpa,12,48,B,sempreverde,14365,14658,14365,13925
ALB_291,Via Rizzo Ammiraglio,033,Ficus microcarpa,12,46,C,sempreverde,11193,11422,11193,10851
ALB_292,Via Rizzo Ammiraglio,034,Ficus microcarpa,12,62,B,sempreverde,20036,20445,20036,19423
ALB_293,Via Rizzo Ammiraglio,035,Ficus microcarpa,12,50,B,sempreverde,15148,15457,15148,14684
ALB_294,Via Rizzo Ammiraglio,036,Ficus microcarpa,12,52,C/D,sempreverde,5626,5741,5626,5454
ALB_295,Via Rizzo Ammiraglio,037,Ficus microcarpa,12,48,B,sempreverde,14365,14658,14365,13925
ALB_296,Via Rizzo Ammiraglio,038,Ficus microcarpa,12,45,B,sempreverde,13209,13479,13209,12805
ALB_297,Via Rizzo Ammiraglio,039,Ficus microcarpa,12,46,C,sempreverde,11193,11422,11193,10851
ALB_298,Via Rizzo Ammiraglio,040,Celtis australis,12,51,B,decidua,13769,19670,10818,0
ALB_299,Via Rizzo Ammiraglio,041,Celtis australis,12,48,B,decidua,12649,18069,9938,0
ALB_300,Via Rizzo Ammiraglio,042,Ficus microcarpa,12,52,B,sempreverde,15941,16266,15941,15453
ALB_301,Via Rizzo Ammiraglio,043,Ficus microcarpa,12,60,B,sempreverde,19200,19592,19200,18612
ALB_302,Via Rizzo Ammiraglio,044,Ficus microcarpa,12,62,B,sempreverde,20036,20445,20036,19423
ALB_303,Via Rizzo Ammiraglio,045,Ficus rubiginosa,7,32,B,sempreverde,4911,5011,4911,4760
ALB_304,Via Rizzo Ammiraglio,046,Ficus rubiginosa,10,35,B,sempreverde,7606,7761,7606,7373
ALB_305,Via Rizzo Ammiraglio,047,Ficus microcarpa,12,42,B,sempreverde,12076,12322,12076,11706
ALB_306,Via Rizzo Ammiraglio,048,Ficus microcarpa,12,45,B,sempreverde,13209,13479,13209,12805
ALB_307,Via Rizzo Ammiraglio,049,Ficus microcarpa,12,52,B,sempreverde,15941,16266,15941,15453
ALB_308,Via Rizzo Ammiraglio,050,Ficus microcarpa,12,65,B,sempreverde,21305,21740,21305,20653
ALB_309,Via Rizzo Ammiraglio,051,Ficus microcarpa,12,55,B,sempreverde,17146,17496,17146,16621
ALB_310,Via Rizzo Ammiraglio,052,Ficus microcarpa,12,50,B,sempreverde,15148,15457,15148,14684
ALB_311,Via Rizzo Ammiraglio,053,Ficus microcarpa,12,68,B,sempreverde,22592,23053,22592,21901
ALB_312,Via Rizzo Ammiraglio,054,Ficus microcarpa,12,60,B,sempreverde,19200,19592,19200,18612
ALB_313,Via Rizzo Ammiraglio,055,Schinus molle,12,75,B,sempreverde,19747,20787,19747,18708
ALB_314,Via Rizzo Ammiraglio,056,Schinus molle,10,70,D,sempreverde,9075,9552,9075,8597
ALB_315,Via Rizzo Ammiraglio,057,Schinus molle,12,38,B,sempreverde,8733,9193,8733,8274
ALB_316,Via Rizzo Ammiraglio,058,Schinus molle,12,75,C,sempreverde,16262,17118,16262,15406
ALB_317,Via Rizzo Ammiraglio,059,Schinus molle,12,67,C,sempreverde,14204,14951,14204,13456
ALB_318,Via Rizzo Ammiraglio,060,Schinus molle,12,47,C,sempreverde,9282,9770,9282,8793
ALB_319,Via Rizzo Ammiraglio,061,Schinus molle,12,35,C,sempreverde,6516,6859,6516,6173
ALB_320,Via Rizzo Ammiraglio,062,Schinus molle,12,65,C,sempreverde,13696,14417,13696,12976
ALB_321,Via Rizzo Ammiraglio,063,Ficus microcarpa,12,69,D,sempreverde,13544,13821,13544,13130
ALB_322,Via Rizzo Ammiraglio,064,Ficus microcarpa,12,66,B,sempreverde,21732,22176,21732,21067
ALB_323,Via Rizzo Ammiraglio,065,Ficus microcarpa,12,71,C,sempreverde,19680,20081,19680,19077
ALB_324,Via Rizzo Ammiraglio,066,Ficus microcarpa,12,70,B,sempreverde,23460,23939,23460,22742
ALB_325,Via Rizzo Ammiraglio,067,Ficus microcarpa,12,72,B,sempreverde,24335,24832,24335,23590
ALB_326,Via Rizzo Ammiraglio,068,Ficus microcarpa,12,69,B,sempreverde,23025,23495,23025,22320
ALB_327,Via Rizzo Ammiraglio,069,Ficus rubiginosa,12,65,B,sempreverde,20040,20449,20040,19427
ALB_328,Via Rizzo Ammiraglio,070,Ficus microcarpa,12,64,B,sempreverde,20880,21306,20880,20241
ALB_329,Via Rizzo Ammiraglio,071,Ficus microcarpa,12,77,B,sempreverde,26554,27096,26554,25742
ALB_330,Via Rizzo Ammiraglio,072,Ficus microcarpa,12,65,B,sempreverde,21305,21740,21305,20653
ALB_331,Via Rizzo Ammiraglio,073,Ficus microcarpa,12,62,B,sempreverde,20036,20445,20036,19423
ALB_332,Via Rizzo Ammiraglio,074,Ficus microcarpa,12,66,B,sempreverde,21732,22176,21732,21067
ALB_333,Via Rizzo Ammiraglio,075,Ficus microcarpa,12,68,B,sempreverde,22592,23053,22592,21901
ALB_334,Via Rizzo Ammiraglio,076,Ficus microcarpa,12,70,B,sempreverde,23460,23939,23460,22742
ALB_335,Via Rizzo Ammiraglio,077,Melia azadirach,12,53,D,decidu,5881,7842,4313,0
ALB_336,Via Rizzo Ammiraglio,078,Melia azadirach,12,60,B,decidu,11748,15664,8615,0
ALB_337,Via Rizzo Ammiraglio,079,Ficus microcarpa,12,60,B,sempreverde,19200,19592,19200,18612
ALB_338,Via Rizzo Ammiraglio,080,Ficus microcarpa,12,61,B,sempreverde,19617,20017,19617,19016
ALB_339,Via Rizzo Ammiraglio,081,Ficus microcarpa,12,59,B,sempreverde,18785,19168,18785,18210
ALB_340,Via Rizzo Ammiraglio,082,Ficus microcarpa,12,48,B,sempreverde,14365,14658,14365,13925
ALB_341,Via Rizzo Ammiraglio,083,Ficus microcarpa,12,51,B,sempreverde,15543,15860,15543,15067
ALB_342,Via Rizzo Ammiraglio,084,Ficus microcarpa,12,49,B,sempreverde,14756,15057,14756,14304
ALB_343,Via Rizzo Ammiraglio,085,Ficus microcarpa,12,50,B,sempreverde,15148,15457,15148,14684
ALB_344,Via Rizzo Ammiraglio,086,Ficus microcarpa,12,45,B,sempreverde,13209,13479,13209,12805
ALB_345,Via Rizzo Ammiraglio,087,Ficus microcarpa,12,65,B,sempreverde,21305,21740,21305,20653
ALB_346,Via Rizzo Ammiraglio,088,Ficus microcarpa,12,69,B,sempreverde,23025,23495,23025,22320
ALB_347,Via Rizzo Ammiraglio,089,Ficus microcarpa,12,62,B,sempreverde,20036,20445,20036,19423
ALB_348,Via Rizzo Ammiraglio,090,Ficus microcarpa,12,55,B,sempreverde,17146,17496,17146,16621
ALB_349,Via Rizzo Ammiraglio,091,Ficus microcarpa,12,55,B,sempreverde,17146,17496,17146,16621
ALB_350,Via Rizzo Ammiraglio,092,Ficus microcarpa,12,70,B,sempreverde,23460,23939,23460,22742
ALB_351,Via Rizzo Ammiraglio,093,Ficus microcarpa,12,77,B,sempreverde,26554,27096,26554,25742
ALB_352,Via Rizzo Ammiraglio,094,Ficus microcarpa,12,50,B,sempreverde,15148,15457,15148,14684
ALB_353,Via Rizzo Ammiraglio,095,Ficus microcarpa,12,67,B,sempreverde,22161,22614,22161,21483
ALB_354,Via Rizzo Ammiraglio,096,Ficus microcarpa,12,55,B,sempreverde,17146,17496,17146,16621
ALB_355,Via Rizzo Ammiraglio,097,Ficus microcarpa,12,55,B,sempreverde,17146,17496,17146,16621
ALB_356,Via Rizzo Ammiraglio,098,Ficus microcarpa,12,61,B,sempreverde,19617,20017,19617,19016
ALB_357,Via Rizzo Ammiraglio,099,Ficus microcarpa,12,60,B,sempreverde,19200,19592,19200,18612
ALB_358,Via Rizzo Ammiraglio,100,Ficus microcarpa,12,59,B,sempreverde,18785,19168,18785,18210
ALB_359,Via Rizzo Ammiraglio,101,Ficus microcarpa,12,73,B,sempreverde,24775,25281,24775,24017
ALB_360,Via Rizzo Ammiraglio,102,Ficus microcarpa,12,58,B,sempreverde,18372,18747,18372,17810
ALB_361,Via Rizzo Ammiraglio,103,Ficus microcarpa,12,53,B,sempreverde,16340,16674,16340,15840
ALB_362,Via Rizzo Ammiraglio,104,Ficus microcarpa,12,52,B,sempreverde,15941,16266,15941,15453
ALB_363,Via Rizzo Ammiraglio,105,Ficus microcarpa,12,50,B,sempreverde,15148,15457,15148,14684
ALB_364,Via Rizzo Ammiraglio,106,Ficus microcarpa,12,48,B,sempreverde,14365,14658,14365,13925
ALB_365,Via Rizzo Ammiraglio,107,Ficus microcarpa,12,48,B,sempreverde,14365,14658,14365,13925
ALB_366,Via Rizzo Ammiraglio,108,Ficus microcarpa,12,50,C/D,sempreverde,5346,5456,5346,5183
ALB_367,Via Rizzo Ammiraglio,109,Ficus microcarpa,12,58,B,sempreverde,18372,18747,18372,17810
ALB_368,Via Rizzo Ammiraglio,110,Ficus microcarpa,12,50,B,sempreverde,15148,15457,15148,14684
ALB_369,Via Rizzo Ammiraglio,111,Ficus microcarpa,12,49,B,sempreverde,14756,15057,14756,14304
ALB_370,Via Rizzo Ammiraglio,112,Ficus microcarpa,12,50,B,sempreverde,15148,15457,15148,14684
ALB_371,Via Rizzo Ammiraglio,113,Ficus magnoloides,15,300,C,sempreverde,706181,743348,728481,706181
ALB_372,Via Rizzo Ammiraglio,114,Ficus magnoloides,15,300,C,sempreverde,706181,743348,728481,706181
ALB_373,Via Rizzo Ammiraglio,115,Ficus magnoloides,15,300,C,sempreverde,706181,743348,728481,706181
ALB_374,Via Rizzo Ammiraglio,116,Ficus magnoloides,15,300,C/D,sempreverde,302649,318578,312206,302649
ALB_375,Viale Michelangelo,8268,Platanus × hispanica,15.72,0.54,,#N/A,#N/A,#N/A,#N/A,#N/A
ALB_376,Viale Michelangelo,8296,Platanus × hispanica,7.06,0.19,,#N/A,#N/A,#N/A,#N/A,#N/A
ALB_377,Viale Michelangelo,8302,Platanus × hispanica,10.01,0.29,,#N/A,#N/A,#N/A,#N/A,#N/A
ALB_378,Viale Michelangelo,8282,Platanus × hispanica,12.51,0.18,,#N/A,#N/A,#N/A,#N/A,#N/A
ALB_379,Viale Michelangelo,8272,Platanus × hispanica,9.77,0.22,,#N/A,#N/A,#N/A,#N/A,#N/A
ALB_380,Viale Michelangelo,8276,Celtis australis,11.86,0.4,,decidua,5,8,4,0
ALB_381,Viale Michelangelo,8252,Platanus × hispanica,16.35,0.56,,#N/A,#N/A,#N/A,#N/A,#N/A
ALB_382,Viale Michelangelo,8243,Celtis australis,8.99,0.33,,decidua,3,4,2,0
ALB_383,Viale Michelangelo,8247,Celtis australis,9.43,0.28,,decidua,3,4,2,0
ALB_384,Viale Michelangelo,8241,Celtis australis,9.53,0.29,,decidua,3,4,2,0
ALB_385,Viale Michelangelo,8269,Celtis australis,9,0.25,,decidua,2,3,2,0
ALB_386,Viale Michelangelo,8274,Platanus × hispanica,14.46,0.45,,#N/A,#N/A,#N/A,#N/A,#N/A
ALB_387,Viale Michelangelo,8244,Platanus × hispanica,17.94,0.48,,#N/A,#N/A,#N/A,#N/A,#N/A
ALB_388,Viale Michelangelo,8246,Platanus × hispanica,18.78,0.49,,#N/A,#N/A,#N/A,#N/A,#N/A
ALB_389,Viale Michelangelo,8255,Platanus × hispanica,17.94,0.57,,#N/A,#N/A,#N/A,#N/A,#N/A
ALB_390,Viale Michelangelo,8420,Platanus × hispanica,11.67,0.35,,#N/A,#N/A,#N/A,#N/A,#N/A
ALB_391,Viale Michelangelo,8415,Platanus × hispanica,12.31,0.36,,#N/A,#N/A,#N/A,#N/A,#N/A
ALB_392,Viale Michelangelo,8408,Platanus × hispanica,11.29,0.3,,#N/A,#N/A,#N/A,#N/A,#N/A
ALB_393,Viale Michelangelo,8424,Platanus × hispanica,17.56,0.54,,#N/A,#N/A,#N/A,#N/A,#N/A
ALB_394,Viale Michelangelo,8399,Platanus × hispanica,19.92,0.58,,#N/A,#N/A,#N/A,#N/A,#N/A
ALB_395,Viale Michelangelo,8412,Platanus × hispanica,15.04,0.35,,#N/A,#N/A,#N/A,#N/A,#N/A
ALB_396,Viale Michelangelo,8387,Platanus × hispanica,14.55,0.44,,#N/A,#N/A,#N/A,#N/A,#N/A
ALB_397,Viale Michelangelo,8411,Platanus × hispanica,15.59,0.5,,#N/A,#N/A,#N/A,#N/A,#N/A
ALB_398,Viale Michelangelo,8395,Platanus × hispanica,10.64,0.26,,#N/A,#N/A,#N/A,#N/A,#N/A
ALB_399,Viale Michelangelo,8382,Platanus × hispanica,12.4,0.33,,#N/A,#N/A,#N/A,#N/A,#N/A
ALB_400,Viale Michelangelo,8388,Platanus × hispanica,14.93,0.35,,#N/A,#N/A,#N/A,#N/A,#N/A
ALB_401,Viale Michelangelo,8383,Platanus × hispanica,14.86,0.46,,#N/A,#N/A,#N/A,#N/A,#N/A
ALB_402,Viale Michelangelo,8429,Platanus × hispanica,15.89,0.38,,#N/A,#N/A,#N/A,#N/A,#N/A
ALB_403,Viale Michelangelo,8431,Platanus × hispanica,15.17,0.53,,#N/A,#N/A,#N/A,#N/A,#N/A
ALB_404,Viale Michelangelo,8447,Platanus × hispanica,2.06,,,#N/A,#N/A,#N/A,#N/A,#N/A
ALB_405,Viale Michelangelo,8437,Platanus × hispanica,14.2,0.37,,#N/A,#N/A,#N/A,#N/A,#N/A
ALB_406,Viale Michelangelo,8433,Platanus × hispanica,14.37,0.4,,#N/A,#N/A,#N/A,#N/A,#N/A
ALB_407,Viale Michelangelo,8423,Platanus × hispanica,17.3,0.48,,#N/A,#N/A,#N/A,#N/A,#N/A
ALB_408,Viale Michelangelo,8413,Platanus × hispanica,13.9,0.48,,#N/A,#N/A,#N/A,#N/A,#N/A
ALB_409,Viale Michelangelo,8394,Platanus × hispanica,15.65,0.44,,#N/A,#N/A,#N/A,#N/A,#N/A
ALB_410,Viale Michelangelo,8389,Platanus × hispanica,14.31,0.4,,#N/A,#N/A,#N/A,#N/A,#N/A
ALB_411,Viale Michelangelo,8398,Platanus × hispanica,15.91,0.46,,#N/A,#N/A,#N/A,#N/A,#N/A
ALB_412,Viale Michelangelo,8418,Platanus orientalis,17.03,0.46,,decidua,8,11,6,0
ALB_413,Viale Michelangelo,8385,Platanus × hispanica,14.17,0.35,,#N/A,#N/A,#N/A,#N/A,#N/A
ALB_414,Viale Michelangelo,8400,Platanus × hispanica,10.11,0.33,,#N/A,#N/A,#N/A,#N/A,#N/A
ALB_415,Viale Michelangelo,8403,Platanus × hispanica,8.54,0.31,,#N/A,#N/A,#N/A,#N/A,#N/A
ALB_416,Viale Michelangelo,8466,Platanus × hispanica,4.79,0.06,,#N/A,#N/A,#N/A,#N/A,#N/A
ALB_417,Viale Michelangelo,8381,Platycladus orientalis,2.43,,,#N/A,#N/A,#N/A,#N/A,#N/A
ALB_418,Viale Michelangelo,8410,Celtis australis,7.79,0.34,,decidua,3,4,2,0
ALB_419,Viale Michelangelo,8457,Celtis australis,5.75,0.16,,decidua,1,1,1,0
ALB_420,Viale Michelangelo,8417,Platanus × hispanica,7.54,0.17,,#N/A,#N/A,#N/A,#N/A,#N/A
ALB_421,Viale Michelangelo,8442,Platanus × hispanica,7.86,0.21,,#N/A,#N/A,#N/A,#N/A,#N/A
ALB_422,Viale Michelangelo,8414,Robinia pseudoacacia,11.14,0.42,,decidua,6,8,4,0
ALB_423,Viale Michelangelo,8421,Platanus × hispanica,8.8,0.24,,#N/A,#N/A,#N/A,#N/A,#N/A
ALB_424,Viale Michelangelo,8678,Platanus × hispanica,11.2,0.44,,#N/A,#N/A,#N/A,#N/A,#N/A
ALB_425,Viale Michelangelo,8676,Platanus × hispanica,10.57,0.31,,#N/A,#N/A,#N/A,#N/A,#N/A
ALB_426,Viale Michelangelo,8691,Celtis australis,7.91,0.24,,decidua,2,3,1,0
ALB_427,Viale Michelangelo,8690,Platanus × hispanica,8.8,0.27,,#N/A,#N/A,#N/A,#N/A,#N/A
ALB_428,Viale Michelangelo,8680,Platanus × hispanica,11.71,0.2,,#N/A,#N/A,#N/A,#N/A,#N/A
ALB_429,Viale Michelangelo,8663,Platanus × hispanica,10.55,0.31,,#N/A,#N/A,#N/A,#N/A,#N/A
ALB_430,Viale Michelangelo,8698,Ficus benjamina,8.36,0.19,,sempreverde,3,3,3,3
ALB_431,Viale Michelangelo,8741,Platanus × hispanica,10.6,0.2,,#N/A,#N/A,#N/A,#N/A,#N/A
ALB_432,Viale Michelangelo,8682,Platanus × hispanica,8.52,0.17,,#N/A,#N/A,#N/A,#N/A,#N/A
ALB_433,Viale Michelangelo,8665,Celtis australis,9.34,0.32,,decidua,3,4,2,0
ALB_434,Viale Michelangelo,8700,Platanus × hispanica,11.74,0.38,,#N/A,#N/A,#N/A,#N/A,#N/A
ALB_435,Viale Michelangelo,8644,Platanus × hispanica,10.37,0.29,,#N/A,#N/A,#N/A,#N/A,#N/A
ALB_436,Viale Michelangelo,8667,Schinus molle,10.8,,,sempreverde,0,0,0,0
ALB_437,Viale Michelangelo,8650,Schinus molle,10.2,0.64,,sempreverde,20,21,20,19
ALB_438,Viale Michelangelo,8656,Schinus molle,11,0.62,,sempreverde,20,21,20,19
ALB_439,Viale Michelangelo,8669,Schinus molle,11.27,0.76,,sempreverde,27,28,27,25
ALB_440,Viale Michelangelo,8679,Celtis australis,9.15,0.35,,decidua,3,5,3,0
ALB_441,Viale Michelangelo,8685,Schinus molle,9.16,0.32,,sempreverde,8,8,8,7
ALB_442,Viale Michelangelo,8687,Schinus molle,8.72,0.58,,sempreverde,15,16,15,14
ALB_443,Viale Michelangelo,8699,Platanus × hispanica,8.69,0.23,,#N/A,#N/A,#N/A,#N/A,#N/A
ALB_444,Viale Michelangelo,8720,Celtis australis,3.19,0.06,,decidua,0,0,0,0
ALB_445,Viale Michelangelo,8737,,3.83,0.04,,,,,,
ALB_446,Viale Michelangelo,8689,Platanus × hispanica,10.26,0.29,,#N/A,#N/A,#N/A,#N/A,#N/A
ALB_447,Viale Michelangelo,8655,Celtis australis,8.72,0.37,,decidua,4,5,3,0
ALB_448,Viale Michelangelo,8686,Platanus × hispanica,14.57,0.37,,#N/A,#N/A,#N/A,#N/A,#N/A
ALB_449,Viale Michelangelo,8693,Platanus × hispanica,12.28,0.29,,#N/A,#N/A,#N/A,#N/A,#N/A
ALB_450,Viale Michelangelo,8701,Platanus × hispanica,8.24,0.19,,#N/A,#N/A,#N/A,#N/A,#N/A
ALB_451,Viale Michelangelo,8696,Platanus × hispanica,11.63,0.22,,#N/A,#N/A,#N/A,#N/A,#N/A
ALB_452,Viale Michelangelo,8487,Platanus × hispanica,12.86,0.39,,#N/A,#N/A,#N/A,#N/A,#N/A
ALB_453,Viale Michelangelo,8494,Platanus × hispanica,7.67,0.13,,#N/A,#N/A,#N/A,#N/A,#N/A
ALB_454,Viale Michelangelo,8504,Platanus × hispanica,12.57,0.26,,#N/A,#N/A,#N/A,#N/A,#N/A
ALB_455,Viale Michelangelo,8533,Platanus × hispanica,7.57,0.24,,#N/A,#N/A,#N/A,#N/A,#N/A
ALB_456,Viale Michelangelo,8499,Platanus × hispanica,15.35,0.31,,#N/A,#N/A,#N/A,#N/A,#N/A
ALB_457,Viale Michelangelo,8501,Platanus × hispanica,14.6,0.43,,#N/A,#N/A,#N/A,#N/A,#N/A
ALB_458,Viale Michelangelo,8488,Platanus × hispanica,11.1,0.31,,#N/A,#N/A,#N/A,#N/A,#N/A
ALB_459,Viale Michelangelo,8519,Celtis australis,10.08,0.3,,decidua,3,4,2,0
ALB_460,Viale Michelangelo,8495,Platanus × hispanica,16.08,0.53,,#N/A,#N/A,#N/A,#N/A,#N/A
ALB_461,Viale Michelangelo,8491,Platanus × hispanica,15.3,0.44,,#N/A,#N/A,#N/A,#N/A,#N/A
ALB_462,Viale Michelangelo,8502,Platanus × hispanica,15,0.38,,#N/A,#N/A,#N/A,#N/A,#N/A
ALB_463,Viale Michelangelo,8506,Platanus × hispanica,12.8,0.39,,#N/A,#N/A,#N/A,#N/A,#N/A
ALB_464,Viale Michelangelo,8493,Platanus × hispanica,18.58,0.61,,#N/A,#N/A,#N/A,#N/A,#N/A
ALB_465,Viale Michelangelo,8271,Platanus × hispanica,17.49,0.52,,#N/A,#N/A,#N/A,#N/A,#N/A
ALB_466,Viale Michelangelo,8299,Platanus × hispanica,6.75,0.16,,#N/A,#N/A,#N/A,#N/A,#N/A
ALB_467,Viale Michelangelo,8267,Platanus × hispanica,15.48,0.48,,#N/A,#N/A,#N/A,#N/A,#N/A
ALB_468,Viale Michelangelo,8280,Platanus × hispanica,12.23,0.39,,#N/A,#N/A,#N/A,#N/A,#N/A
ALB_469,Viale Michelangelo,8284,Platanus × hispanica,12.05,0.36,,#N/A,#N/A,#N/A,#N/A,#N/A
ALB_470,Viale Michelangelo,8245,Celtis australis,10.04,0.32,,decidua,3,5,3,0
ALB_471,Viale Michelangelo,8275,Platanus × hispanica,14.15,0.38,,#N/A,#N/A,#N/A,#N/A,#N/A
ALB_472,Viale Michelangelo,8242,Platanus × hispanica,16.69,0.45,,#N/A,#N/A,#N/A,#N/A,#N/A
ALB_473,Viale Michelangelo,8589,Nerium oleander,3.35,0.04,,sempreverde,0,0,0,0
ALB_474,Viale Michelangelo,8509,Celtis australis,5.68,0.18,,decidua,1,1,1,0
ALB_475,Viale Michelangelo,8574,Handroanthus heptaphyllus,3.55,0.08,,#N/A,#N/A,#N/A,#N/A,#N/A
ALB_476,Viale Michelangelo,8489,Platanus × hispanica,14.4,0.43,,#N/A,#N/A,#N/A,#N/A,#N/A
ALB_477,Viale Michelangelo,8583,Handroanthus heptaphyllus,2.92,0.04,,#N/A,#N/A,#N/A,#N/A,#N/A
ALB_478,Viale Michelangelo,8539,Handroanthus heptaphyllus,3.34,0.04,,#N/A,#N/A,#N/A,#N/A,#N/A
ALB_479,Viale Michelangelo,8537,Tabebuia rosea,3.91,0.04,,#N/A,#N/A,#N/A,#N/A,#N/A
ALB_480,Viale Michelangelo,8526,,3.85,0.05,,,,,,
ALB_481,Viale Michelangelo,8555,Tabebuia rosea,3.85,0.04,,#N/A,#N/A,#N/A,#N/A,#N/A
ALB_482,Viale Michelangelo,8505,Platanus × hispanica,13.91,0.48,,#N/A,#N/A,#N/A,#N/A,#N/A
ALB_483,Viale Michelangelo,8546,Handroanthus heptaphyllus,3.84,0.05,,#N/A,#N/A,#N/A,#N/A,#N/A
ALB_484,Viale Michelangelo,7944,Platanus × hispanica,14.52,0.37,,#N/A,#N/A,#N/A,#N/A,#N/A
ALB_485,Viale Michelangelo,7945,Celtis australis,8.55,0.19,,decidua,1,2,1,0
ALB_486,Viale Michelangelo,7939,Platanus × hispanica,13.04,0.3,,#N/A,#N/A,#N/A,#N/A,#N/A
ALB_487,Viale Michelangelo,7942,Celtis australis,8.19,0.24,,decidua,2,3,1,0
ALB_488,Viale Michelangelo,7952,Platanus × hispanica,9.94,0.19,,#N/A,#N/A,#N/A,#N/A,#N/A
ALB_489,Viale Michelangelo,7935,Platanus × hispanica,10.04,0.26,,#N/A,#N/A,#N/A,#N/A,#N/A
ALB_490,Viale Michelangelo,7870,Platanus × hispanica,17.87,0.54,,#N/A,#N/A,#N/A,#N/A,#N/A
ALB_491,Viale Michelangelo,7862,Celtis australis,8.67,0.26,,decidua,2,3,2,0
ALB_492,Viale Michelangelo,7856,Platanus × hispanica,19.87,0.88,,#N/A,#N/A,#N/A,#N/A,#N/A
ALB_493,Viale Michelangelo,7874,Celtis australis,7.53,0.23,,decidua,2,2,1,0
ALB_494,Viale Michelangelo,7885,Celtis australis,8.1,0.24,,decidua,2,3,1,0
ALB_495,Viale Michelangelo,7833,Platanus × hispanica,13.35,0.46,,#N/A,#N/A,#N/A,#N/A,#N/A
ALB_496,Viale Michelangelo,7852,Platanus × hispanica,12.2,0.33,,#N/A,#N/A,#N/A,#N/A,#N/A
ALB_497,Viale Michelangelo,7894,Celtis australis,5.88,0.18,,decidua,1,1,1,0
ALB_498,Viale Michelangelo,7876,Platanus × hispanica,11.39,0.37,,#N/A,#N/A,#N/A,#N/A,#N/A
ALB_499,Viale Michelangelo,7910,Platanus × hispanica,6.73,0.19,,#N/A,#N/A,#N/A,#N/A,#N/A
ALB_500,Viale Michelangelo,7866,Celtis australis,7.89,0.28,,decidua,2,3,2,0
ALB_501,Viale Michelangelo,7895,Platanus × hispanica,13.55,0.38,,#N/A,#N/A,#N/A,#N/A,#N/A
ALB_502,Viale Michelangelo,7871,Platanus × hispanica,18.13,0.53,,#N/A,#N/A,#N/A,#N/A,#N/A
ALB_503,Viale Michelangelo,8069,Platanus × hispanica,10.1,0.17,,#N/A,#N/A,#N/A,#N/A,#N/A
ALB_504,Viale Michelangelo,8054,Platanus × hispanica,9.08,0.17,,#N/A,#N/A,#N/A,#N/A,#N/A
ALB_505,Viale Michelangelo,7858,Platanus × hispanica,12.19,0.41,,#N/A,#N/A,#N/A,#N/A,#N/A
ALB_506,Viale Michelangelo,7853,Platanus × hispanica,11.51,0.31,,#N/A,#N/A,#N/A,#N/A,#N/A
ALB_507,Viale Michelangelo,7888,Celtis australis,5.95,0.2,,decidua,1,1,1,0
ALB_508,Viale Michelangelo,7868,Celtis australis,4.6,0.16,,decidua,1,1,0,0
ALB_509,Viale Michelangelo,7879,Platanus × hispanica,9.47,0.3,,#N/A,#N/A,#N/A,#N/A,#N/A
ALB_510,Viale Michelangelo,7880,Platanus × hispanica,7.19,0.22,,#N/A,#N/A,#N/A,#N/A,#N/A
ALB_511,Viale Michelangelo,7898,Celtis australis,4.6,0.12,,decidua,0,1,0,0
ALB_512,Viale Michelangelo,7855,Platanus × hispanica,11.53,0.37,,#N/A,#N/A,#N/A,#N/A,#N/A
ALB_513,Viale Michelangelo,7851,Platanus × hispanica,14.51,0.42,,#N/A,#N/A,#N/A,#N/A,#N/A
ALB_514,Viale Michelangelo,8063,Celtis australis,11.96,0.4,,decidua,5,8,4,0
ALB_515,Viale Michelangelo,8065,Platanus × hispanica,16.25,0.45,,#N/A,#N/A,#N/A,#N/A,#N/A
ALB_516,Viale Michelangelo,8040,Celtis australis,11.53,0.4,,decidua,5,8,4,0
ALB_517,Viale Michelangelo,8049,Platanus × hispanica,17.73,0.64,,#N/A,#N/A,#N/A,#N/A,#N/A
ALB_518,Viale Michelangelo,8066,Celtis australis,8.57,0.19,,decidua,1,2,1,0
ALB_519,Viale Michelangelo,8062,Platanus × hispanica,7.64,0.19,,#N/A,#N/A,#N/A,#N/A,#N/A
ALB_520,Viale Michelangelo,8051,Celtis australis,10.4,0.34,,decidua,4,5,3,0
ALB_521,Viale Michelangelo,8070,Platanus × hispanica,11.52,0.23,,#N/A,#N/A,#N/A,#N/A,#N/A
ALB_522,Viale Michelangelo,8058,Platanus × hispanica,10.15,0.3,,#N/A,#N/A,#N/A,#N/A,#N/A
ALB_523,Viale Michelangelo,8082,Platanus × hispanica,5.4,0.1,,#N/A,#N/A,#N/A,#N/A,#N/A
ALB_524,Viale Michelangelo,8071,Platanus × hispanica,13.38,0.5,,#N/A,#N/A,#N/A,#N/A,#N/A
ALB_525,Viale Michelangelo,8064,Celtis australis,10.77,0.43,,decidua,5,8,4,0
ALB_526,Viale Michelangelo,8042,Celtis australis,9.6,0.3,,decidua,3,4,2,0
ALB_527,Viale Michelangelo,8038,Platanus × hispanica,11.92,0.37,,#N/A,#N/A,#N/A,#N/A,#N/A
ALB_528,Viale Michelangelo,8492,Platanus × hispanica,12.88,0.28,,#N/A,#N/A,#N/A,#N/A,#N/A
ALB_529,Viale Michelangelo,8485,Celtis australis,11.5,0.36,,decidua,5,6,4,0
ALB_530,Viale Michelangelo,8507,Platanus × hispanica,14,0.32,,#N/A,#N/A,#N/A,#N/A,#N/A
ALB_531,Viale Michelangelo,8497,Platanus × hispanica,15.31,0.29,,#N/A,#N/A,#N/A,#N/A,#N/A
ALB_532,Viale Michelangelo,8503,Platanus × hispanica,15.64,0.34,,#N/A,#N/A,#N/A,#N/A,#N/A
ALB_533,Viale Michelangelo,8511,Platanus × hispanica,16.11,0.3,,#N/A,#N/A,#N/A,#N/A,#N/A
ALB_534,Viale Michelangelo,8500,Platanus × hispanica,16.75,0.42,,#N/A,#N/A,#N/A,#N/A,#N/A
ALB_535,Viale Michelangelo,8508,Platanus × hispanica,20.31,0.52,,#N/A,#N/A,#N/A,#N/A,#N/A
ALB_536,Viale Michelangelo,8515,Platanus × hispanica,5.98,0.08,,#N/A,#N/A,#N/A,#N/A,#N/A
ALB_537,Viale Michelangelo,8486,Platanus × hispanica,16.28,0.35,,#N/A,#N/A,#N/A,#N/A,#N/A
ALB_538,Viale Michelangelo,8530,Platanus × hispanica,12.6,0.28,,#N/A,#N/A,#N/A,#N/A,#N/A
ALB_539,Viale Michelangelo,8518,Platanus × hispanica,7.3,0.1,,#N/A,#N/A,#N/A,#N/A,#N/A
ALB_540,Viale Michelangelo,8484,Platanus × hispanica,12.73,0.26,,#N/A,#N/A,#N/A,#N/A,#N/A
ALB_541,Viale Michelangelo,8514,Celtis australis,6.8,0.22,,decidua,1,2,1,0
ALB_542,Viale Michelangelo,8498,Platanus × hispanica,15.14,0.5,,#N/A,#N/A,#N/A,#N/A,#N/A
ALB_543,Viale Michelangelo,8588,Platanus × hispanica,4.8,0.07,,#N/A,#N/A,#N/A,#N/A,#N/A
ALB_544,Viale Michelangelo,8516,Platanus × hispanica,14.54,0.45,,#N/A,#N/A,#N/A,#N/A,#N/A
ALB_545,Viale Michelangelo,8353,Platanus orientalis,9.43,0.39,,decidua,3,4,2,0
ALB_546,Viale Michelangelo,8365,Platanus × hispanica,14.6,0.37,,#N/A,#N/A,#N/A,#N/A,#N/A
ALB_547,Viale Michelangelo,8560,Handroanthus heptaphyllus,2.95,0.04,,#N/A,#N/A,#N/A,#N/A,#N/A
ALB_548,Viale Michelangelo,8524,Handroanthus heptaphyllus,3.1,0.03,,#N/A,#N/A,#N/A,#N/A,#N/A
ALB_549,Viale Michelangelo,8566,Fraxinus ornus,3.53,0.04,,#N/A,#N/A,#N/A,#N/A,#N/A
ALB_550,Viale Michelangelo,8576,Fraxinus ornus,2.98,0.04,,#N/A,#N/A,#N/A,#N/A,#N/A
ALB_551,Viale Michelangelo,8582,,3.12,0.05,,,,,,
ALB_552,Viale Michelangelo,8521,Handroanthus heptaphyllus,3.15,,,#N/A,#N/A,#N/A,#N/A,#N/A
ALB_553,Viale Michelangelo,8341,Platanus × hispanica,10.44,0.21,,#N/A,#N/A,#N/A,#N/A,#N/A
ALB_554,Viale Michelangelo,8346,Platanus × hispanica,13.8,0.39,,#N/A,#N/A,#N/A,#N/A,#N/A
ALB_555,Viale Michelangelo,8591,Fraxinus ornus,3.17,0.04,,#N/A,#N/A,#N/A,#N/A,#N/A
ALB_556,Viale Michelangelo,8536,Celtis australis,3.95,0.03,,decidua,0,0,0,0
ALB_557,Viale Michelangelo,8349,Platanus × hispanica,15.8,0.49,,#N/A,#N/A,#N/A,#N/A,#N/A
ALB_558,Viale Michelangelo,8577,Handroanthus heptaphyllus,3.26,0.06,,#N/A,#N/A,#N/A,#N/A,#N/A
ALB_559,Viale Michelangelo,8370,Celtis australis,4.51,0.09,,decidua,0,0,0,0
ALB_560,Viale Michelangelo,8558,,3.93,0.07,,,,,,
ALB_561,Viale Michelangelo,8538,Handroanthus heptaphyllus,3.81,0.07,,#N/A,#N/A,#N/A,#N/A,#N/A
ALB_562,Viale Michelangelo,8553,Handroanthus heptaphyllus,3.68,0.04,,#N/A,#N/A,#N/A,#N/A,#N/A
ALB_563,Viale Michelangelo,8367,Celtis australis,4.25,0.11,,decidua,0,0,0,0
ALB_564,Viale Michelangelo,8567,,3.34,0.03,,,,,,
ALB_565,Viale Michelangelo,8557,,3.57,0.05,,,,,,
ALB_566,Viale Michelangelo,8374,Platanus × hispanica,4,0.07,,#N/A,#N/A,#N/A,#N/A,#N/A
ALB_567,Viale Michelangelo,8522,Prunus serrulata,3.54,0.03,,#N/A,#N/A,#N/A,#N/A,#N/A
ALB_568,Viale Michelangelo,8343,Platanus × hispanica,9.43,0.24,,#N/A,#N/A,#N/A,#N/A,#N/A
ALB_569,Viale Michelangelo,8532,Tabebuia rosea,3.79,0.06,,#N/A,#N/A,#N/A,#N/A,#N/A
ALB_570,Viale Michelangelo,8547,Tabebuia rosea,3.74,0.04,,#N/A,#N/A,#N/A,#N/A,#N/A
ALB_571,Viale Michelangelo,8350,Platanus × hispanica,7.18,0.12,,#N/A,#N/A,#N/A,#N/A,#N/A
ALB_572,Viale Michelangelo,8348,Platanus × hispanica,12.58,0.24,,#N/A,#N/A,#N/A,#N/A,#N/A
ALB_573,Viale Michelangelo,8372,Platanus × hispanica,4.74,0.07,,#N/A,#N/A,#N/A,#N/A,#N/A
ALB_574,Viale Michelangelo,8572,Tabebuia rosea,4.15,0.04,,#N/A,#N/A,#N/A,#N/A,#N/A
ALB_575,Viale Michelangelo,8587,Tabebuia rosea,3.46,0.05,,#N/A,#N/A,#N/A,#N/A,#N/A
ALB_576,Viale Michelangelo,8342,Platanus × hispanica,15.51,0.46,,#N/A,#N/A,#N/A,#N/A,#N/A
ALB_577,Viale Michelangelo,8357,Platanus × hispanica,14.59,0.43,,#N/A,#N/A,#N/A,#N/A,#N/A
ALB_578,Viale Michelangelo,8368,Platanus × hispanica,13.64,0.28,,#N/A,#N/A,#N/A,#N/A,#N/A
ALB_579,Viale Michelangelo,8360,Platanus × hispanica,11.87,0.27,,#N/A,#N/A,#N/A,#N/A,#N/A
ALB_580,Viale Michelangelo,8517,Celtis australis,3.19,0.04,,decidua,0,0,0,0
ALB_581,Viale Michelangelo,8354,Platanus × hispanica,13.99,0.39,,#N/A,#N/A,#N/A,#N/A,#N/A
ALB_582,Viale Michelangelo,8523,Tabebuia rosea,3.87,0.05,,#N/A,#N/A,#N/A,#N/A,#N/A
ALB_583,Viale Michelangelo,8578,Acer negundo,3.8,0.07,,decidua,0,0,0,0
ALB_584,Viale Michelangelo,8361,Platanus × hispanica,15.68,0.46,,#N/A,#N/A,#N/A,#N/A,#N/A
ALB_585,Viale Michelangelo,8559,Brachychiton populneus,3.6,0.03,,#N/A,#N/A,#N/A,#N/A,#N/A
ALB_586,Viale Michelangelo,8584,Tabebuia rosea,3.5,0.03,,#N/A,#N/A,#N/A,#N/A,#N/A
ALB_587,Viale Michelangelo,8358,Platanus × hispanica,17.38,0.47,,#N/A,#N/A,#N/A,#N/A,#N/A
ALB_588,Viale Michelangelo,8540,Tabebuia rosea,4.13,0.04,,#N/A,#N/A,#N/A,#N/A,#N/A
ALB_589,Viale Michelangelo,8340,Platanus orientalis,17.32,0.52,,decidua,10,14,8,0
ALB_590,Viale Michelangelo,8534,Tabebuia rosea,3.88,0.05,,#N/A,#N/A,#N/A,#N/A,#N/A
ALB_591,Viale Michelangelo,8362,Platanus × hispanica,13.2,0.33,,#N/A,#N/A,#N/A,#N/A,#N/A
ALB_592,Viale Michelangelo,8528,Handroanthus heptaphyllus,2.78,0.07,,#N/A,#N/A,#N/A,#N/A,#N/A
ALB_593,Viale Michelangelo,8551,Handroanthus heptaphyllus,3.35,0.04,,#N/A,#N/A,#N/A,#N/A,#N/A
ALB_594,Viale Michelangelo,8345,Platanus × hispanica,14.87,0.62,,#N/A,#N/A,#N/A,#N/A,#N/A
ALB_595,Viale Michelangelo,8529,,3.4,0.05,,,,,,
ALB_596,Viale Michelangelo,8581,Tabebuia rosea,3.41,0.06,,#N/A,#N/A,#N/A,#N/A,#N/A
ALB_597,Viale Michelangelo,8351,Platanus × hispanica,20,0.65,,#N/A,#N/A,#N/A,#N/A,#N/A
ALB_598,Viale Michelangelo,8545,Tabebuia rosea,3.71,0.04,,#N/A,#N/A,#N/A,#N/A,#N/A
ALB_599,Viale Michelangelo,8571,Tabebuia rosea,3.26,0.17,,#N/A,#N/A,#N/A,#N/A,#N/A
ALB_600,Viale Michelangelo,8364,Platanus × hispanica,13.19,0.36,,#N/A,#N/A,#N/A,#N/A,#N/A
ALB_601,Viale Michelangelo,8541,Tabebuia rosea,3.6,0.05,,#N/A,#N/A,#N/A,#N/A,#N/A
ALB_602,Viale Michelangelo,8249,Celtis australis,11.71,0.42,,decidua,6,8,4,0
ALB_603,Viale Michelangelo,8585,Tabebuia rosea,3.76,0.08,,#N/A,#N/A,#N/A,#N/A,#N/A
ALB_604,Viale Michelangelo,8554,Tabebuia rosea,3.54,0.05,,#N/A,#N/A,#N/A,#N/A,#N/A
ALB_605,Viale Michelangelo,8332,Handroanthus heptaphyllus,3.1,0.1,,#N/A,#N/A,#N/A,#N/A,#N/A
ALB_606,Viale Michelangelo,8310,Tabebuia rosea,3.38,0.05,,#N/A,#N/A,#N/A,#N/A,#N/A
ALB_607,Viale Michelangelo,7872,Cercis siliquastrum,6.14,0.15,,decidua,2,3,2,0
ALB_608,Viale Michelangelo,7896,Citrus × aurantium,2.54,0.05,,#N/A,#N/A,#N/A,#N/A,#N/A
ALB_609,Viale Michelangelo,7897,Olea europaea,3.38,0.08,,sempreverde,1,1,1,1
ALB_610,Viale Michelangelo,7881,Citrus × aurantium,2.02,,,#N/A,#N/A,#N/A,#N/A,#N/A
ALB_611,Viale Michelangelo,7899,Citrus × aurantium,2.2,0.1,,#N/A,#N/A,#N/A,#N/A,#N/A
ALB_612,Viale Michelangelo,8061,Citrus × aurantium,2.6,0.09,,#N/A,#N/A,#N/A,#N/A,#N/A
ALB_613,Viale Michelangelo,7860,Platanus × hispanica,17.4,0.49,,#N/A,#N/A,#N/A,#N/A,#N/A
ALB_614,Viale Michelangelo,7864,Ligustrum lucidum,2.59,0.1,,sempreverde,1,1,1,1
ALB_615,Viale Michelangelo,7883,Citrus × aurantium,2.32,0.05,,#N/A,#N/A,#N/A,#N/A,#N/A
ALB_616,Viale Michelangelo,7912,,2.25,0.07,,,,,,
ALB_617,Viale Michelangelo,7884,Citrus × aurantium,2.64,0.06,,#N/A,#N/A,#N/A,#N/A,#N/A
ALB_618,Viale Michelangelo,7875,Schinus molle,2.8,0.06,,sempreverde,0,0,0,0
ALB_619,Viale Michelangelo,7904,Syzygium myrtifolium,2.26,0.03,,#N/A,#N/A,#N/A,#N/A,#N/A
ALB_620,Viale Michelangelo,7873,Cupressus sempervirens,6.08,,,sempreverde,0,0,0,0
ALB_621,Viale Michelangelo,7921,,2.54,0.03,,,,,,
ALB_622,Viale Michelangelo,7848,Washingtonia filifera,2.76,0.32,,sempreverde,5,5,5,5
ALB_623,Viale Michelangelo,7854,Olea europaea,3.14,0.2,,sempreverde,3,3,3,3
ALB_624,Viale Michelangelo,7919,,2.17,0.05,,,,,,
ALB_625,Viale Michelangelo,7863,Platanus × hispanica,13.29,0.4,,#N/A,#N/A,#N/A,#N/A,#N/A
ALB_626,Viale Michelangelo,7832,Cercis siliquastrum,4.54,0.15,,decidua,1,2,1,0
ALB_627,Viale Michelangelo,7889,Citrus × aurantium,1.99,0.03,,#N/A,#N/A,#N/A,#N/A,#N/A
ALB_628,Viale Michelangelo,7907,,2.26,0.03,,,,,,
ALB_629,Viale Michelangelo,7891,,2.33,0.03,,,,,,
ALB_630,Viale Michelangelo,7892,Cercis siliquastrum,4.11,0.11,,decidua,1,1,1,0
ALB_631,Viale Michelangelo,7841,Platanus × hispanica,20.39,0.61,,#N/A,#N/A,#N/A,#N/A,#N/A
ALB_632,Viale Michelangelo,7877,Citrus × aurantium,3,0.07,,#N/A,#N/A,#N/A,#N/A,#N/A
ALB_633,Viale Michelangelo,7867,Citrus × aurantium,2.09,0.05,,#N/A,#N/A,#N/A,#N/A,#N/A
ALB_634,Viale Michelangelo,7916,,2.33,0.03,,,,,,
ALB_635,Viale Michelangelo,7849,Citrus × aurantium,3.18,0.08,,#N/A,#N/A,#N/A,#N/A,#N/A
ALB_636,Viale Michelangelo,7903,Citrus × aurantium,1.93,0.06,,#N/A,#N/A,#N/A,#N/A,#N/A
ALB_637,Viale Michelangelo,7887,Ginkgo biloba,2.16,0.04,,decidua,0,0,0,0
ALB_638,Viale Michelangelo,7869,Schinus molle,7.78,0.32,,sempreverde,7,7,7,6
ALB_639,Viale Michelangelo,8086,,3.33,0.07,,,,,,
ALB_640,Viale Michelangelo,8068,Tamarix gallica,4.8,,,semi-decidua,0,0,0,0
ALB_641,Viale Michelangelo,8085,Citrus × aurantium,2.63,0.05,,#N/A,#N/A,#N/A,#N/A,#N/A
ALB_642,Viale Michelangelo,8037,Tamarix gallica,8.2,0.24,,semi-decidua,6,7,7,5
ALB_643,Viale Michelangelo,8039,Schinus molle,5.48,0.17,,sempreverde,2,2,2,2
ALB_644,Viale Michelangelo,8059,Schinus molle,4.09,0.11,,sempreverde,1,1,1,1
ALB_645,Viale Michelangelo,8043,Schinus molle,3.79,0.12,,sempreverde,1,1,1,1
ALB_646,Viale Michelangelo,8078,Syzygium myrtifolium,2.19,0.03,,#N/A,#N/A,#N/A,#N/A,#N/A
ALB_647,Viale Michelangelo,8052,Schinus molle,5.15,0.15,,sempreverde,2,2,2,2
ALB_648,Viale Michelangelo,8053,Schinus molle,2.79,0.06,,sempreverde,0,0,0,0
ALB_649,Viale Michelangelo,8045,Schinus molle,4.69,0.16,,sempreverde,2,2,2,2
ALB_650,Viale Michelangelo,8090,,2.29,0.04,,,,,,
ALB_651,Viale Michelangelo,8080,,3.44,0.07,,,,,,
ALB_652,Viale Michelangelo,8083,,3.14,0.04,,,,,,
ALB_653,Viale Michelangelo,8091,,3.45,0.03,,,,,,
ALB_654,Viale Michelangelo,8088,Tabebuia rosea,2.72,0.04,,#N/A,#N/A,#N/A,#N/A,#N/A
ALB_655,Viale Michelangelo,8041,Platanus × hispanica,12.16,0.26,,#N/A,#N/A,#N/A,#N/A,#N/A
ALB_656,Viale Michelangelo,8089,,3.62,0.06,,,,,,
ALB_657,Viale Michelangelo,8094,,3.19,,,,,,,
ALB_658,Viale Michelangelo,8093,,3.67,0.03,,,,,,
ALB_659,Viale Michelangelo,8084,,3.08,0.04,,,,,,
ALB_660,Viale Michelangelo,8096,,4.03,0.11,,,,,,
ALB_661,Viale Michelangelo,8092,,3.33,0.05,,,,,,
ALB_662,Viale Michelangelo,8097,,2.79,0.04,,,,,,
ALB_663,Viale Michelangelo,8036,Ficus benjamina,9.6,0.65,,sempreverde,15,15,15,14
ALB_664,Viale Michelangelo,8525,Fraxinus ornus,2.4,0.04,,#N/A,#N/A,#N/A,#N/A,#N/A
ALB_665,Viale Michelangelo,8575,,3.26,0.04,,,,,,
ALB_666,Viale Michelangelo,8055,Platanus × hispanica,8.98,0.38,,#N/A,#N/A,#N/A,#N/A,#N/A
ALB_667,Viale Michelangelo,8548,,3.71,0.03,,,,,,
ALB_668,Viale Michelangelo,8561,Tabebuia rosea,2.99,0.04,,#N/A,#N/A,#N/A,#N/A,#N/A
ALB_669,Viale Michelangelo,8513,Platanus × hispanica,21.59,0.5,,#N/A,#N/A,#N/A,#N/A,#N/A
ALB_670,Viale Michelangelo,8512,Platanus × hispanica,12.19,0.56,,#N/A,#N/A,#N/A,#N/A,#N/A
ALB_671,Viale Michelangelo,8562,Tabebuia rosea,3.8,0.04,,#N/A,#N/A,#N/A,#N/A,#N/A
ALB_672,Viale Michelangelo,8544,Ailanthus altissima,3.62,0.04,,#N/A,#N/A,#N/A,#N/A,#N/A
ALB_673,Viale Michelangelo,8563,Tabebuia rosea,3.93,0.07,,#N/A,#N/A,#N/A,#N/A,#N/A
ALB_674,Viale Michelangelo,8542,,3.86,0.05,,,,,,
ALB_675,Viale Michelangelo,8573,,3.4,0.04,,,,,,
ALB_676,Viale Michelangelo,8520,,3.18,0.04,,,,,,
ALB_677,Viale Michelangelo,8549,Tabebuia rosea,3.51,0.05,,#N/A,#N/A,#N/A,#N/A,#N/A
ALB_678,Viale Michelangelo,8527,Handroanthus heptaphyllus,3.4,0.02,,#N/A,#N/A,#N/A,#N/A,#N/A
ALB_679,Viale Michelangelo,8510,Platanus × hispanica,22.65,0.64,,#N/A,#N/A,#N/A,#N/A,#N/A
ALB_680,Viale Michelangelo,8579,,3.07,0.09,,,,,,
ALB_681,Viale Michelangelo,8535,Handroanthus heptaphyllus,3.32,0.03,,#N/A,#N/A,#N/A,#N/A,#N/A
ALB_682,Viale Michelangelo,8552,Handroanthus heptaphyllus,3.57,0.03,,#N/A,#N/A,#N/A,#N/A,#N/A
ALB_683,Viale Michelangelo,8531,,3.96,0.04,,,,,,
ALB_684,Viale Michelangelo,8564,Tabebuia rosea,3.82,0.03,,#N/A,#N/A,#N/A,#N/A,#N/A
ALB_685,Viale Michelangelo,8496,Platanus × hispanica,22.76,0.64,,#N/A,#N/A,#N/A,#N/A,#N/A
ALB_686,Viale Michelangelo,8556,Tabebuia rosea,3.65,0.06,,#N/A,#N/A,#N/A,#N/A,#N/A
ALB_687,Viale Michelangelo,8550,Tabebuia rosea,3.89,0.06,,#N/A,#N/A,#N/A,#N/A,#N/A
ALB_688,Viale Michelangelo,8565,Handroanthus heptaphyllus,3.19,0.03,,#N/A,#N/A,#N/A,#N/A,#N/A
ALB_689,Viale Michelangelo,8570,Tabebuia rosea,3.79,0.03,,#N/A,#N/A,#N/A,#N/A,#N/A
ALB_690,Viale Michelangelo,8568,,3.6,0.03,,,,,,
ALB_691,Viale Michelangelo,8569,Handroanthus heptaphyllus,3.49,0.05,,#N/A,#N/A,#N/A,#N/A,#N/A
ALB_692,Viale Michelangelo,7940,Celtis australis,9.06,0.28,,decidua,3,4,2,0
ALB_693,Viale Michelangelo,7932,Platanus × hispanica,13.39,0.38,,#N/A,#N/A,#N/A,#N/A,#N/A
ALB_694,Viale Michelangelo,7946,Celtis australis,4.51,0.16,,decidua,1,1,0,0
ALB_695,Viale Michelangelo,7934,Platanus × hispanica,13.8,0.5,,#N/A,#N/A,#N/A,#N/A,#N/A
ALB_696,Viale Michelangelo,7928,Platanus × hispanica,14.6,0.52,,#N/A,#N/A,#N/A,#N/A,#N/A
ALB_697,Viale Michelangelo,7936,Platanus × hispanica,13.6,0.51,,#N/A,#N/A,#N/A,#N/A,#N/A
ALB_698,Viale Michelangelo,7930,Robinia pseudoacacia,7.35,0.22,,decidua,1,2,1,0
ALB_699,Viale Michelangelo,7847,Platanus × hispanica,16.55,0.49,,#N/A,#N/A,#N/A,#N/A,#N/A
ALB_700,Viale Michelangelo,7886,Platanus × hispanica,13.05,0.38,,#N/A,#N/A,#N/A,#N/A,#N/A
ALB_701,Viale Michelangelo,7861,Platanus × hispanica,17.84,0.58,,#N/A,#N/A,#N/A,#N/A,#N/A
ALB_702,Viale Michelangelo,7827,Platanus × hispanica,16.19,0.52,,#N/A,#N/A,#N/A,#N/A,#N/A
ALB_703,Viale Michelangelo,7924,Washingtonia filifera,10.36,0.71,,sempreverde,27,28,27,26
ALB_704,Viale Michelangelo,7920,Strelitzia nicolai,4.34,0.13,,#N/A,#N/A,#N/A,#N/A,#N/A
ALB_705,Viale Michelangelo,7902,Hesperocyparis arizonica,3.3,0.09,,#N/A,#N/A,#N/A,#N/A,#N/A
ALB_706,Viale Michelangelo,7830,Cupressus sempervirens,14.38,0.37,,sempreverde,10,11,10,10
ALB_707,Viale Michelangelo,7918,Gleditsia triacanthos,9.32,0.2,,decidua,2,2,1,0
ALB_708,Viale Michelangelo,8291,Tabebuia rosea,3.74,0.03,,#N/A,#N/A,#N/A,#N/A,#N/A
ALB_709,Viale Michelangelo,8334,Tabebuia rosea,3.6,0.03,,#N/A,#N/A,#N/A,#N/A,#N/A
ALB_710,Viale Michelangelo,8251,Platanus × hispanica,18.38,0.56,,#N/A,#N/A,#N/A,#N/A,#N/A
ALB_711,Viale Michelangelo,8325,Tabebuia rosea,3.23,0.04,,#N/A,#N/A,#N/A,#N/A,#N/A
ALB_712,Viale Michelangelo,8264,Platanus × hispanica,14.52,0.4,,#N/A,#N/A,#N/A,#N/A,#N/A
ALB_713,Viale Michelangelo,8294,Handroanthus heptaphyllus,3.72,0.08,,#N/A,#N/A,#N/A,#N/A,#N/A
ALB_714,Viale Michelangelo,8297,Tabebuia rosea,4.62,0.07,,#N/A,#N/A,#N/A,#N/A,#N/A
ALB_715,Viale Michelangelo,8285,Platanus × hispanica,20.57,0.86,,#N/A,#N/A,#N/A,#N/A,#N/A
ALB_716,Viale Michelangelo,8318,,3.52,0.04,,,,,,
ALB_717,Viale Michelangelo,8301,,3.39,0.05,,,,,,
ALB_718,Viale Michelangelo,8293,,4.3,0.05,,,,,,
ALB_719,Viale Michelangelo,8331,,3.17,0.03,,,,,,
ALB_720,Viale Michelangelo,8292,Handroanthus impetiginosus,3.67,0.08,,#N/A,#N/A,#N/A,#N/A,#N/A
ALB_721,Viale Michelangelo,8309,Tabebuia rosea,3.25,0.04,,#N/A,#N/A,#N/A,#N/A,#N/A
ALB_722,Viale Michelangelo,8304,Tabebuia rosea,3.42,0.07,,#N/A,#N/A,#N/A,#N/A,#N/A
ALB_723,Viale Michelangelo,8305,Handroanthus heptaphyllus,3.99,0.06,,#N/A,#N/A,#N/A,#N/A,#N/A
ALB_724,Viale Michelangelo,8324,Tabebuia rosea,3.44,0.03,,#N/A,#N/A,#N/A,#N/A,#N/A
ALB_725,Viale Michelangelo,8257,Platanus × hispanica,13.26,0.36,,#N/A,#N/A,#N/A,#N/A,#N/A
ALB_726,Viale Michelangelo,8306,Handroanthus heptaphyllus,3.6,0.05,,#N/A,#N/A,#N/A,#N/A,#N/A
ALB_727,Viale Michelangelo,8260,Platanus × hispanica,14.78,0.45,,#N/A,#N/A,#N/A,#N/A,#N/A
ALB_728,Viale Michelangelo,8303,Tabebuia rosea,4.03,0.05,,#N/A,#N/A,#N/A,#N/A,#N/A
ALB_729,Viale Michelangelo,8286,Platanus × hispanica,9.15,0.34,,#N/A,#N/A,#N/A,#N/A,#N/A
ALB_730,Viale Michelangelo,8317,Handroanthus heptaphyllus,3.61,0.06,,#N/A,#N/A,#N/A,#N/A,#N/A
ALB_731,Viale Michelangelo,8265,Platanus × hispanica,17.74,0.54,,#N/A,#N/A,#N/A,#N/A,#N/A
ALB_732,Viale Michelangelo,8335,,3.5,0.03,,,,,,
ALB_733,Viale Michelangelo,8253,Platanus × hispanica,17.89,0.55,,#N/A,#N/A,#N/A,#N/A,#N/A
ALB_734,Viale Michelangelo,8250,Platanus × hispanica,19.2,0.66,,#N/A,#N/A,#N/A,#N/A,#N/A
ALB_735,Viale Michelangelo,8279,Platanus × hispanica,15.5,0.45,,#N/A,#N/A,#N/A,#N/A,#N/A
ALB_736,Viale Michelangelo,8263,Platanus × hispanica,16.1,0.37,,#N/A,#N/A,#N/A,#N/A,#N/A
ALB_737,Viale Michelangelo,8256,Ulmus minor,9.65,0.63,,#N/A,#N/A,#N/A,#N/A,#N/A
ALB_738,Viale Michelangelo,8261,Pinus pinea,11.72,0.64,,sempreverde,20,20,20,19
ALB_739,Viale Michelangelo,8270,Platanus × hispanica,13.34,0.35,,#N/A,#N/A,#N/A,#N/A,#N/A
ALB_740,Viale Michelangelo,8254,Platanus × hispanica,18.04,0.8,,#N/A,#N/A,#N/A,#N/A,#N/A
ALB_741,Viale Michelangelo,8277,Pinus pinea,12.4,0.65,,sempreverde,21,21,21,20
ALB_742,Viale Michelangelo,8258,Platanus × hispanica,11.92,0.29,,#N/A,#N/A,#N/A,#N/A,#N/A
ALB_743,Viale Michelangelo,8248,Platanus × hispanica,13.2,0.38,,#N/A,#N/A,#N/A,#N/A,#N/A
ALB_744,Viale Michelangelo,8337,Brachychiton acerifolius,2.66,0.03,,semi-decidua,0,0,0,0
ALB_745,Viale Michelangelo,8327,Handroanthus heptaphyllus,4,0.06,,#N/A,#N/A,#N/A,#N/A,#N/A
ALB_746,Viale Michelangelo,8409,Nerium oleander,4.52,,,sempreverde,0,0,0,0
ALB_747,Viale Michelangelo,8401,Platanus × hispanica,14.74,0.42,,#N/A,#N/A,#N/A,#N/A,#N/A
ALB_748,Viale Michelangelo,8406,Platanus × hispanica,15.5,0.43,,#N/A,#N/A,#N/A,#N/A,#N/A
ALB_749,Viale Michelangelo,8416,Platanus × hispanica,8.35,0.24,,#N/A,#N/A,#N/A,#N/A,#N/A
ALB_750,Viale Michelangelo,8397,Platanus × hispanica,16,0.41,,#N/A,#N/A,#N/A,#N/A,#N/A
ALB_751,Viale Michelangelo,8390,Platanus × hispanica,13,0.42,,#N/A,#N/A,#N/A,#N/A,#N/A
ALB_752,Viale Michelangelo,8405,Platanus × hispanica,15.88,0.66,,#N/A,#N/A,#N/A,#N/A,#N/A
ALB_753,Viale Michelangelo,8384,Platanus × hispanica,16.51,0.4,,#N/A,#N/A,#N/A,#N/A,#N/A
ALB_754,Viale Michelangelo,8407,Platanus × hispanica,17.32,0.64,,#N/A,#N/A,#N/A,#N/A,#N/A
ALB_755,Viale Michelangelo,8419,Celtis australis,8.47,0.21,,decidua,2,2,1,0
ALB_756,Viale Michelangelo,8430,Tabebuia rosea,3.84,0.03,,#N/A,#N/A,#N/A,#N/A,#N/A
ALB_757,Viale Michelangelo,8438,Tabebuia rosea,3.47,0.02,,#N/A,#N/A,#N/A,#N/A,#N/A
ALB_758,Viale Michelangelo,8443,,3.4,0.05,,,,,,
ALB_759,Viale Michelangelo,8444,,3.73,0.05,,,,,,
ALB_760,Viale Michelangelo,8449,Tabebuia rosea,2.88,,,#N/A,#N/A,#N/A,#N/A,#N/A
ALB_761,Viale Michelangelo,8452,,3.6,0.03,,,,,,
ALB_762,Viale Michelangelo,8455,,3.47,0.04,,,,,,
ALB_763,Viale Michelangelo,8459,Tabebuia rosea,3.93,,,#N/A,#N/A,#N/A,#N/A,#N/A
ALB_764,Viale Michelangelo,8462,Tabebuia rosea,3.1,0.03,,#N/A,#N/A,#N/A,#N/A,#N/A
ALB_765,Viale Michelangelo,8469,Tabebuia rosea,3.57,0.05,,#N/A,#N/A,#N/A,#N/A,#N/A
ALB_766,Viale Michelangelo,8471,Tabebuia rosea,3.58,0.04,,#N/A,#N/A,#N/A,#N/A,#N/A
ALB_767,Viale Michelangelo,8472,Handroanthus heptaphyllus,3.54,0.04,,#N/A,#N/A,#N/A,#N/A,#N/A
ALB_768,Viale Michelangelo,8473,,2.82,0.04,,,,,,
ALB_769,Viale Michelangelo,8476,,3.04,0.04,,,,,,
ALB_770,Viale Michelangelo,8478,Tabebuia rosea,2.99,0.02,,#N/A,#N/A,#N/A,#N/A,#N/A
ALB_771,Viale Michelangelo,8480,Tabebuia rosea,3.22,0.03,,#N/A,#N/A,#N/A,#N/A,#N/A
ALB_772,Viale Michelangelo,8450,,3.62,0.04,,,,,,
ALB_773,Viale Michelangelo,8451,Tabebuia rosea,3.82,0.03,,#N/A,#N/A,#N/A,#N/A,#N/A
ALB_774,Viale Michelangelo,8404,Platanus × hispanica,18.75,0.79,,#N/A,#N/A,#N/A,#N/A,#N/A
ALB_775,Viale Michelangelo,8434,Handroanthus heptaphyllus,3.55,0.06,,#N/A,#N/A,#N/A,#N/A,#N/A
ALB_776,Viale Michelangelo,8393,Platanus × hispanica,12.39,0.46,,#N/A,#N/A,#N/A,#N/A,#N/A
ALB_777,Viale Michelangelo,8435,Handroanthus heptaphyllus,3.3,0.04,,#N/A,#N/A,#N/A,#N/A,#N/A
ALB_778,Viale Michelangelo,8461,,3.09,0.05,,,,,,
ALB_779,Viale Michelangelo,8386,Celtis australis,9.29,0.32,,decidua,3,4,2,0
ALB_780,Viale Michelangelo,8453,Tabebuia rosea,3.96,0.06,,#N/A,#N/A,#N/A,#N/A,#N/A
ALB_781,Viale Michelangelo,8402,Celtis australis,7.66,0.24,,decidua,2,2,1,0
ALB_782,Viale Michelangelo,8440,Tabebuia rosea,4.09,0.06,,#N/A,#N/A,#N/A,#N/A,#N/A
ALB_783,Viale Michelangelo,8379,Platanus × hispanica,13,0.39,,#N/A,#N/A,#N/A,#N/A,#N/A
ALB_784,Viale Michelangelo,8463,Tabebuia rosea,4.24,0.05,,#N/A,#N/A,#N/A,#N/A,#N/A
ALB_785,Viale Michelangelo,8445,Tabebuia rosea,3.48,0.04,,#N/A,#N/A,#N/A,#N/A,#N/A
ALB_786,Viale Michelangelo,8428,Tabebuia rosea,4.31,0.04,,#N/A,#N/A,#N/A,#N/A,#N/A
ALB_787,Viale Michelangelo,8448,Tabebuia rosea,3.79,0.04,,#N/A,#N/A,#N/A,#N/A,#N/A
ALB_788,Viale Michelangelo,8396,Celtis australis,10.51,0.34,,decidua,4,5,3,0
ALB_789,Viale Michelangelo,8464,Tabebuia rosea,3.84,0.04,,#N/A,#N/A,#N/A,#N/A,#N/A
ALB_790,Viale Michelangelo,8465,Tabebuia rosea,3.64,0.04,,#N/A,#N/A,#N/A,#N/A,#N/A
ALB_791,Viale Michelangelo,8467,Fraxinus ornus,3.4,0.06,,#N/A,#N/A,#N/A,#N/A,#N/A
ALB_792,Viale Michelangelo,8468,,3.43,0.04,,,,,,
ALB_793,Viale Michelangelo,8475,Fraxinus ornus,2.8,0.04,,#N/A,#N/A,#N/A,#N/A,#N/A
ALB_794,Viale Michelangelo,8479,Tabebuia rosea,3.87,0.05,,#N/A,#N/A,#N/A,#N/A,#N/A
ALB_795,Viale Michelangelo,8481,Tabebuia rosea,3.68,0.06,,#N/A,#N/A,#N/A,#N/A,#N/A
ALB_796,Viale Michelangelo,8482,Fraxinus ornus,3.54,0.03,,#N/A,#N/A,#N/A,#N/A,#N/A
ALB_797,Viale Michelangelo,8458,Tabebuia rosea,3.47,0.06,,#N/A,#N/A,#N/A,#N/A,#N/A
ALB_798,Viale Michelangelo,8456,,3.18,0.06,,,,,,
ALB_799,Viale Michelangelo,8446,Tabebuia rosea,3,0.04,,#N/A,#N/A,#N/A,#N/A,#N/A
ALB_800,Viale Michelangelo,8427,Tabebuia rosea,3.47,0.04,,#N/A,#N/A,#N/A,#N/A,#N/A
ALB_801,Viale Michelangelo,8454,,3.43,0.04,,,,,,
ALB_802,Viale Michelangelo,8477,Tabebuia rosea,3.38,0.04,,#N/A,#N/A,#N/A,#N/A,#N/A
ALB_803,Viale Michelangelo,8436,Celtis australis,10.13,0.46,,decidua,6,8,4,0
ALB_804,Viale Michelangelo,8460,Tabebuia rosea,3.9,0.04,,#N/A,#N/A,#N/A,#N/A,#N/A
ALB_805,Viale Michelangelo,8432,Platanus × hispanica,8.94,0.26,,#N/A,#N/A,#N/A,#N/A,#N/A
ALB_806,Viale Michelangelo,8470,Tabebuia rosea,4.41,0.06,,#N/A,#N/A,#N/A,#N/A,#N/A
ALB_807,Viale Michelangelo,8441,Platanus × hispanica,9.62,0.18,,#N/A,#N/A,#N/A,#N/A,#N/A
ALB_808,Viale Michelangelo,8677,Platanus × hispanica,13.1,0.3,,#N/A,#N/A,#N/A,#N/A,#N/A
ALB_809,Viale Michelangelo,8668,Platanus × hispanica,14.36,0.42,,#N/A,#N/A,#N/A,#N/A,#N/A
ALB_810,Viale Michelangelo,8661,Platanus × hispanica,10.59,0.24,,#N/A,#N/A,#N/A,#N/A,#N/A
ALB_811,Viale Michelangelo,8675,Platanus × hispanica,11.97,0.28,,#N/A,#N/A,#N/A,#N/A,#N/A
ALB_812,Viale Michelangelo,8672,Celtis australis,9.79,0.35,,decidua,4,5,3,0
ALB_813,Viale Michelangelo,8681,Platanus × hispanica,14.79,0.39,,#N/A,#N/A,#N/A,#N/A,#N/A
ALB_814,Viale Michelangelo,8702,Tabebuia rosea,3.79,0.07,,#N/A,#N/A,#N/A,#N/A,#N/A
ALB_815,Viale Michelangelo,8705,Platanus × hispanica,7.46,0.17,,#N/A,#N/A,#N/A,#N/A,#N/A
ALB_816,Viale Michelangelo,8721,Tabebuia rosea,4.13,,,#N/A,#N/A,#N/A,#N/A,#N/A
ALB_817,Viale Michelangelo,8724,Handroanthus heptaphyllus,3.91,0.05,,#N/A,#N/A,#N/A,#N/A,#N/A
ALB_818,Viale Michelangelo,8725,Tabebuia rosea,4.38,0.03,,#N/A,#N/A,#N/A,#N/A,#N/A
ALB_819,Viale Michelangelo,8729,,3.51,0.03,,,,,,
ALB_820,Viale Michelangelo,8730,,3.53,0.04,,,,,,
ALB_821,Viale Michelangelo,8653,Celtis australis,10.5,0.33,,decidua,4,5,3,0
ALB_822,Viale Michelangelo,8671,Platanus × hispanica,8.58,0.25,,#N/A,#N/A,#N/A,#N/A,#N/A
ALB_823,Viale Michelangelo,8688,Platanus × hispanica,14.87,0.3,,#N/A,#N/A,#N/A,#N/A,#N/A
ALB_824,Viale Michelangelo,8666,Celtis australis,9.97,0.29,,decidua,3,4,2,0
ALB_825,Viale Michelangelo,8708,,3.73,,,,,,,
ALB_826,Viale Michelangelo,8734,Melia azedarach,3.62,0.02,,semi-decidua,0,0,0,0
ALB_827,Viale Michelangelo,8733,,3.49,0.03,,,,,,
ALB_828,Viale Michelangelo,8674,Platanus × hispanica,12.59,0.42,,#N/A,#N/A,#N/A,#N/A,#N/A
ALB_829,Viale Michelangelo,8746,Lagerstroemia indica,3.17,0.04,,decidua,0,0,0,0
ALB_830,Viale Michelangelo,8711,Tabebuia rosea,3.61,0.03,,#N/A,#N/A,#N/A,#N/A,#N/A
ALB_831,Viale Michelangelo,8706,Handroanthus heptaphyllus,3.94,0.04,,#N/A,#N/A,#N/A,#N/A,#N/A
ALB_832,Viale Michelangelo,8715,Platanus × hispanica,8.13,0.13,,#N/A,#N/A,#N/A,#N/A,#N/A
ALB_833,Viale Michelangelo,8713,Platanus × hispanica,6.73,0.11,,#N/A,#N/A,#N/A,#N/A,#N/A
ALB_834,Viale Michelangelo,8664,Platanus × hispanica,14.84,0.38,,#N/A,#N/A,#N/A,#N/A,#N/A
ALB_835,Viale Michelangelo,8654,Platanus × hispanica,16.04,0.33,,#N/A,#N/A,#N/A,#N/A,#N/A
ALB_836,Viale Michelangelo,8726,Platanus × hispanica,6.13,0.15,,#N/A,#N/A,#N/A,#N/A,#N/A
ALB_837,Viale Michelangelo,8731,,3.59,0.03,,,,,,
ALB_838,Viale Michelangelo,8710,Brachychiton populneus,3.83,0.05,,#N/A,#N/A,#N/A,#N/A,#N/A
ALB_839,Viale Michelangelo,8649,Platanus × hispanica,14.44,0.3,,#N/A,#N/A,#N/A,#N/A,#N/A
ALB_840,Viale Michelangelo,8728,Handroanthus heptaphyllus,3.67,0.03,,#N/A,#N/A,#N/A,#N/A,#N/A
ALB_841,Viale Michelangelo,8736,Tabebuia rosea,3.48,0.04,,#N/A,#N/A,#N/A,#N/A,#N/A
ALB_842,Viale Michelangelo,8703,Platanus × hispanica,17.4,0.48,,#N/A,#N/A,#N/A,#N/A,#N/A
ALB_843,Viale Michelangelo,8739,Tabebuia rosea,3.34,0.05,,#N/A,#N/A,#N/A,#N/A,#N/A
ALB_844,Viale Michelangelo,8722,,3.49,0.04,,,,,,
ALB_845,Viale Michelangelo,8717,Tabebuia rosea,3.94,0.04,,#N/A,#N/A,#N/A,#N/A,#N/A
ALB_846,Viale Michelangelo,8709,Tabebuia rosea,3.62,0.04,,#N/A,#N/A,#N/A,#N/A,#N/A
ALB_847,Viale Michelangelo,8716,,3.35,0.06,,,,,,
ALB_848,Viale Michelangelo,8648,Pinus pinea,9.37,0.51,,sempreverde,14,14,14,13
ALB_849,Viale Michelangelo,8659,Brachychiton populneus,6.71,0.38,,#N/A,#N/A,#N/A,#N/A,#N/A
ALB_850,Viale Michelangelo,8651,Brachychiton populneus,9.16,0.52,,#N/A,#N/A,#N/A,#N/A,#N/A
ALB_851,Viale Michelangelo,8652,Brachychiton acerifolius,7.42,0.49,,semi-decidua,6,8,7,5
ALB_852,Viale Michelangelo,8695,Platanus × hispanica,14.93,0.38,,#N/A,#N/A,#N/A,#N/A,#N/A
ALB_853,Viale Michelangelo,8732,Handroanthus heptaphyllus,3.59,0.07,,#N/A,#N/A,#N/A,#N/A,#N/A
ALB_854,Viale Michelangelo,8735,Celtis australis,3.29,0.07,,decidua,0,0,0,0
ALB_855,Viale Michelangelo,8740,,3.78,0.04,,,,,,
ALB_856,Viale Michelangelo,8744,Handroanthus heptaphyllus,3.32,0.05,,#N/A,#N/A,#N/A,#N/A,#N/A
ALB_857,Viale Michelangelo,8723,Tabebuia rosea,3.45,,,#N/A,#N/A,#N/A,#N/A,#N/A
ALB_858,Viale Michelangelo,8259,Platanus × hispanica,22.72,0.71,,#N/A,#N/A,#N/A,#N/A,#N/A
ALB_859,Viale Michelangelo,8330,Tabebuia rosea,3.79,0.04,,#N/A,#N/A,#N/A,#N/A,#N/A
ALB_860,Viale Michelangelo,8307,Tabebuia rosea,3.69,0.04,,#N/A,#N/A,#N/A,#N/A,#N/A
ALB_861,Viale Michelangelo,8298,Tabebuia rosea,3.92,0.04,,#N/A,#N/A,#N/A,#N/A,#N/A
ALB_862,Viale Michelangelo,8311,Tabebuia rosea,3.08,0.06,,#N/A,#N/A,#N/A,#N/A,#N/A
ALB_863,Viale Michelangelo,8313,Handroanthus heptaphyllus,3.75,0.05,,#N/A,#N/A,#N/A,#N/A,#N/A
ALB_864,Viale Michelangelo,8326,Tabebuia rosea,4.07,0.03,,#N/A,#N/A,#N/A,#N/A,#N/A
ALB_865,Viale Michelangelo,8287,Celtis australis,7.73,0.32,,decidua,3,4,2,0
ALB_866,Viale Michelangelo,8314,,2.99,,,,,,,
ALB_867,Viale Michelangelo,8308,Handroanthus heptaphyllus,3.32,0.05,,#N/A,#N/A,#N/A,#N/A,#N/A
ALB_868,Viale Michelangelo,8323,Handroanthus heptaphyllus,4.19,0.03,,#N/A,#N/A,#N/A,#N/A,#N/A
ALB_869,Viale Michelangelo,8320,,3.59,0.04,,,,,,
ALB_870,Viale Michelangelo,8295,Ficus microcarpa,3.8,0.04,,sempreverde,0,0,0,0
ALB_871,Viale Michelangelo,8289,Platanus × hispanica,17.62,0.48,,#N/A,#N/A,#N/A,#N/A,#N/A
ALB_872,Viale Michelangelo,8338,Juglans regia,3.04,,,#N/A,#N/A,#N/A,#N/A,#N/A
ALB_873,Viale Michelangelo,8329,,3.53,0.04,,,,,,
ALB_874,Viale Michelangelo,8278,Platanus × hispanica,15.76,0.5,,#N/A,#N/A,#N/A,#N/A,#N/A
ALB_875,Viale Michelangelo,8312,Celtis australis,3.71,0.05,,decidua,0,0,0,0
ALB_876,Viale Michelangelo,8281,Platanus × hispanica,16.26,0.37,,#N/A,#N/A,#N/A,#N/A,#N/A
ALB_877,Viale Michelangelo,8288,Handroanthus impetiginosus,3.69,0.05,,#N/A,#N/A,#N/A,#N/A,#N/A
ALB_878,Viale Michelangelo,8321,Tabebuia rosea,3.8,0.06,,#N/A,#N/A,#N/A,#N/A,#N/A
ALB_879,Viale Michelangelo,8333,Tabebuia rosea,3.69,0.06,,#N/A,#N/A,#N/A,#N/A,#N/A
ALB_880,Viale Michelangelo,8316,Handroanthus heptaphyllus,3.87,0.04,,#N/A,#N/A,#N/A,#N/A,#N/A
ALB_881,Viale Michelangelo,8266,Platanus × hispanica,21.51,0.72,,#N/A,#N/A,#N/A,#N/A,#N/A
ALB_882,Viale Michelangelo,8300,,3.63,0.04,,,,,,
ALB_883,Viale Michelangelo,8283,Platanus × hispanica,14.04,0.44,,#N/A,#N/A,#N/A,#N/A,#N/A
ALB_884,Viale Michelangelo,8315,,4.54,0.04,,,,,,
ALB_885,Viale Michelangelo,8322,,1.45,0.05,,,,,,
ALB_886,Viale Michelangelo,8262,Platanus × hispanica,21.09,0.81,,#N/A,#N/A,#N/A,#N/A,#N/A
ALB_887,Viale Michelangelo,8328,Tabebuia rosea,3.32,0.03,,#N/A,#N/A,#N/A,#N/A,#N/A