Id,Odonimo,Codvia,Lunghezza,Data rilievo,Tecnico incaricato,ID Pianta,Specie,Sito Impianto,Lat,Log,h (m),Diametro (cm),Dist. sede stradale (m),Dist. marciapiede (m),CPC,Cod. lavorazione/elenco prezzi,Note,Data lav. F1,Cod. lavorazione - F2,Lavori - F2,Prezzo F2,Data lav. F2,Cod. lavorazione - F3,Lavori - F3,Prezzo F3,Data lav. F3,Cod. lavorazione - F4,Lavori - F4,Prezzo F4,Data lav. F4,Descrizione,Unità di misura,Prezzo Unitario,UPL,Quartiere,Circoscrizione,,,tipo_foglia,# Primavera, # Estate,# Autunno,# Inverno,foto
ALB_001,Viale Emilia,17510,541,26/10/2025,Dott. Roberto Marceddu,001,Ficus microcarpa,Aiuola spartitraffico,38.147446,13.340715,12,47,1.3,,B,APL.026S,,,,,,,,,,,,,,,Potatura ars topiaria base 20-30m²,cad,€575.20,Vittorio Veneto,Libertà,VIII,,,sempreverde,13977.40,14262.66,13977.40,13549.52,img/albero.png
ALB_002,Viale Emilia,17510,541,26/10/2025,Dott. Roberto Marceddu,002,Ficus microcarpa,Aiuola spartitraffico,38.147420,13.340646,12,49,1.25,,B,APL.026S,,,,,,,,,,,,,,,Potatura ars topiaria base 20-30m²,cad,€575.20,Vittorio Veneto,Libertà,VIII,,,sempreverde,14755.51,15056.64,14755.51,14303.81,img/albero.png
ALB_003,Viale Emilia,17510,541,26/10/2025,Dott. Roberto Marceddu,003,Ficus microcarpa,Aiuola spartitraffico,38.147399,13.340588,12,42,1.4,,B,APL.026S,,,,,,,,,,,,,,,Potatura ars topiaria base 20-30m²,cad,€575.20,Vittorio Veneto,Libertà,VIII,,,sempreverde,12076.01,12322.46,12076.01,11706.33,img/albero.png
ALB_004,Viale Emilia,17510,541,26/10/2025,Dott. Roberto Marceddu,004,Ficus microcarpa,Aiuola spartitraffico,38.147377,13.340527,12,32,1.4,,B,APL.026S,,,,,,,,,,,,,,,Potatura ars topiaria base 20-30m²,cad,€575.20,Vittorio Veneto,Libertà,VIII,,,sempreverde,8479.97,8653.03,8479.97,8220.38,img/albero.png
ALB_005,Viale Emilia,17510,541,26/10/2025,Dott. Roberto Marceddu,005,Ficus microcarpa,Aiuola pedonale,38.147351,13.340474,12,52,1.3,0.6,B,APL.026S,,,,,,,,,,,,,,,Potatura ars topiaria base 20-30m²,cad,€575.20,Vittorio Veneto,Libertà,VIII,,,sempreverde,15940.56,16265.88,15940.56,15452.59,img/albero.png
ALB_006,Viale Emilia,17510,541,26/10/2025,Dott. Roberto Marceddu,006,Ficus microcarpa,Aiuola pedonale,38.147331,13.340413,12,34,1.3,0.6,B,APL.026S,,,,,,,,,,,,,,,Potatura ars topiaria base 20-30m²,cad,€575.20,Vittorio Veneto,Libertà,VIII,,,sempreverde,9175.33,9362.59,9175.33,8894.46,img/albero.png
ALB_007,Viale Emilia,17510,541,26/10/2025,Dott. Roberto Marceddu,007,Ficus microcarpa,Aiuola pedonale,38.147305,13.340343,12,39,1.3,0.6,B,APL.026S,,,,,,,,,,,,,,,Potatura ars topiaria base 20-30m²,cad,€575.20,Vittorio Veneto,Libertà,VIII,,,sempreverde,10966.88,11190.70,10966.88,10631.16,img/albero.png
ALB_008,Viale Emilia,17510,541,26/10/2025,Dott. Roberto Marceddu,008,Ficus microcarpa,Aiuola pedonale,38.147269,13.340256,12,42,1.3,0.6,B,APL.026S,,,,,,,,,,,,,,,Potatura ars topiaria base 20-30m²,cad,€575.20,Vittorio Veneto,Libertà,VIII,,,sempreverde,12076.01,12322.46,12076.01,11706.33,img/albero.png
ALB_009,Viale Emilia,17510,541,26/10/2025,Dott. Roberto Marceddu,009,Ficus microcarpa,Aiuola pedonale,38.147227,13.340180,12,42,1.3,0.6,B,APL.026S,,,,,,,,,,,,,,,Potatura ars topiaria base 20-30m²,cad,€575.20,Vittorio Veneto,Libertà,VIII,,,sempreverde,12076.01,12322.46,12076.01,11706.33,img/albero.png
ALB_010,Viale Emilia,17510,541,26/10/2025,Dott. Roberto Marceddu,010,Ficus microcarpa,Aiuola pedonale,38.147203,13.340091,12,39,1.3,0.6,B,APL.026S,,,,,,,,,,,,,,,Potatura ars topiaria base 20-30m²,cad,€575.20,Vittorio Veneto,Libertà,VIII,,,sempreverde,10966.88,11190.70,10966.88,10631.16,img/albero.png
ALB_011,Viale Emilia,17510,541,26/10/2025,Dott. Roberto Marceddu,011,Ficus microcarpa,Aiuola pedonale,38.147181,13.340031,12,36,1.3,0.6,B,APL.026S,,,,,,,,,,,,,,,Potatura ars topiaria base 20-30m²,cad,€575.20,Vittorio Veneto,Libertà,VIII,,,sempreverde,9883.09,10084.78,9883.09,9580.54,img/albero.png
ALB_012,Viale Emilia,17510,541,26/10/2025,Dott. Roberto Marceddu,012,Ficus microcarpa,Aiuola pedonale,38.147159,13.339976,12,48,1.3,0.6,B,APL.026S,,,,,,,,,,,,,,,Potatura ars topiaria base 20-30m²,cad,€575.20,Vittorio Veneto,Libertà,VIII,,,sempreverde,14365.24,14658.41,14365.24,13925.49,img/albero.png
ALB_013,Viale Emilia,17510,541,26/10/2025,Dott. Roberto Marceddu,013,Ficus microcarpa,Aiuola pedonale,38.147133,13.339918,12,55,1.3,0.5,B,APL.026S,,,,,,,,,,,,,,,Potatura ars topiaria base 20-30m²,cad,€575.20,Vittorio Veneto,Libertà,VIII,,,sempreverde,17146.31,17496.24,17146.31,16621.43,img/albero.png
ALB_014,Viale Emilia,17510,541,26/10/2025,Dott. Roberto Marceddu,014,Ficus microcarpa,Cercine,38.147130,13.339611,15,36,1.3,0.4,B,APL.026S,,,,,,,,,,,,,,,Potatura ars topiaria base 20-30m²,cad,€575.20,Vittorio Veneto,Libertà,VIII,,,sempreverde,12081.24,12327.80,12081.24,11711.41,img/albero.png
ALB_015,Viale Emilia,17510,541,26/10/2025,Dott. Roberto Marceddu,015,Ficus microcarpa,Cercine,38.147108,13.339546,15,42,1.3,0.4,B,APL.026S,,,,,,,,,,,,,,,Potatura ars topiaria base 20-30m²,cad,€575.20,Vittorio Veneto,Libertà,VIII,,,sempreverde,14761.90,15063.17,14761.90,14310.01,img/albero.png
ALB_016,Viale Emilia,17510,541,26/10/2025,Dott. Roberto Marceddu,016,Ficus microcarpa,Cercine,38.147078,13.339479,15,38,1.3,0.4,B,APL.026S,,,,,,,,,,,,,,,Potatura ars topiaria base 20-30m²,cad,€575.20,Vittorio Veneto,Libertà,VIII,,,sempreverde,12960.95,13225.46,12960.95,12564.19,img/albero.png
ALB_017,Viale Emilia,17510,541,26/10/2025,Dott. Roberto Marceddu,017,Ficus microcarpa,Cercine,38.147057,13.339430,15,47,1.3,0.4,B,APL.026S,,,,,,,,,,,,,,,Potatura ars topiaria base 20-30m²,cad,€575.20,Vittorio Veneto,Libertà,VIII,,,sempreverde,17086.20,17434.90,17086.20,16563.15,img/albero.png
ALB_018,Viale Emilia,17510,541,26/10/2025,Dott. Roberto Marceddu,018,Ficus microcarpa,Cercine,38.147032,13.339368,15,32,1.3,0.4,C,APL.026S,,,,,,,,,,,,,,,Potatura ars topiaria base 20-30m²,cad,€575.20,Vittorio Veneto,Libertà,VIII,,,sempreverde,8536.75,8710.97,8536.75,8275.42,img/albero.png
ALB_019,Viale Emilia,17510,541,26/10/2025,Dott. Roberto Marceddu,019,Ficus microcarpa,Cercine,38.147023,13.339299,12,70,3,1,B,APL.026S,,,,,,,,,,,,,,,Potatura ars topiaria base 20-30m²,cad,€575.20,Vittorio Veneto,Libertà,VIII,,,sempreverde,23459.93,23938.71,23459.93,22741.77,img/albero.png
ALB_020,Viale Emilia,17510,541,26/10/2025,Dott. Roberto Marceddu,020,Ficus microcarpa,Cercine,38.146149,13.337474,12,45,3.1,1.1,B,APL.026S,,,,,,,,,,,,,,,Potatura ars topiaria base 20-30m²,cad,€575.20,Vittorio Veneto,Libertà,VIII,,,sempreverde,13209.17,13478.75,13209.17,12804.81,img/albero.png
ALB_021,Viale Emilia,17510,541,26/10/2025,Dott. Roberto Marceddu,021,Ficus microcarpa,Cercine,38.146106,13.337379,12,62,3,1,B,APL.026S,,,,,,,,,,,,,,,Potatura ars topiaria base 20-30m²,cad,€575.20,Vittorio Veneto,Libertà,VIII,,,sempreverde,20035.88,20444.78,20035.88,19422.54,img/albero.png
ALB_022,Viale Emilia,17510,541,26/10/2025,Dott. Roberto Marceddu,022,Ficus microcarpa,Cercine,38.146068,13.337268,12,68,3,1,B,APL.026S,,,,,,,,,,,,,,,Potatura ars topiaria base 20-30m²,cad,€575.20,Vittorio Veneto,Libertà,VIII,,,sempreverde,22592.32,23053.39,22592.32,21900.72,img/albero.png
ALB_023,Viale Emilia,17510,541,26/10/2025,Dott. Roberto Marceddu,023,Ficus microcarpa,Cercine,38.146030,13.337163,12,77,3,1,B,APL.026S,,,,,,,,,,,,,,,Potatura ars topiaria base 20-30m²,cad,€575.20,Vittorio Veneto,Libertà,VIII,,,sempreverde,26554.45,27096.37,26554.45,25741.55,img/albero.png
ALB_024,Viale Emilia,17510,541,26/10/2025,Dott. Roberto Marceddu,024,Ficus microcarpa,Cercine,38.145989,13.337039,12,42,3,1,B,APL.026S,,,,,,,,,,,,,,,Potatura ars topiaria base 20-30m²,cad,€575.20,Vittorio Veneto,Libertà,VIII,,,sempreverde,12076.01,12322.46,12076.01,11706.33,img/albero.png
ALB_025,Viale Emilia,17510,541,26/10/2025,Dott. Roberto Marceddu,025,Ficus microcarpa,Cercine,38.145937,13.336901,12,50,3,1,B,APL.026S,,,,,,,,,,,,,,,Potatura ars topiaria base 20-30m²,cad,€575.20,Vittorio Veneto,Libertà,VIII,,,sempreverde,15148.17,15457.32,15148.17,14684.45,img/albero.png
ALB_026,Viale Emilia,17510,541,26/10/2025,Dott. Roberto Marceddu,026,Ficus microcarpa,Cercine,38.145878,13.336766,12,49,3,1,B,APL.026S,,,,,,,,,,,,,,,Potatura ars topiaria base 20-30m²,cad,€575.20,Vittorio Veneto,Libertà,VIII,,,sempreverde,14755.51,15056.64,14755.51,14303.81,img/albero.png
ALB_027,Viale Emilia,17510,541,26/10/2025,Dott. Roberto Marceddu,027,Ficus microcarpa,Cercine,38.145835,13.336632,12,38,3,1,B,APL.026S,,,,,,,,,,,,,,,Potatura ars topiaria base 20-30m²,cad,€575.20,Vittorio Veneto,Libertà,VIII,,,sempreverde,10602.74,10819.12,10602.74,10278.16,img/albero.png
ALB_028,Viale Emilia,17510,541,26/10/2025,Dott. Roberto Marceddu,028,Ficus microcarpa,Cercine,38.145765,13.336455,12,45,3,1,B,APL.026S,,,,,,,,,,,,,,,Potatura ars topiaria base 20-30m²,cad,€575.20,Vittorio Veneto,Libertà,VIII,,,sempreverde,13209.17,13478.75,13209.17,12804.81,img/albero.png
ALB_029,Viale Emilia,17510,541,26/10/2025,Dott. Roberto Marceddu,029,Ficus microcarpa,Cercine,38.145720,13.336347,12,62,3,1,B,APL.026S,,,,,,,,,,,,,,,Potatura ars topiaria base 20-30m²,cad,€575.20,Vittorio Veneto,Libertà,VIII,,,sempreverde,20035.88,20444.78,20035.88,19422.54,img/albero.png
ALB_030,Viale Emilia,17510,541,26/10/2025,Dott. Roberto Marceddu,030,Ficus microcarpa,Cercine,38.145673,13.336248,12,79,3,1,B,APL.026S,,,,,,,,,,,,,,,Potatura ars topiaria base 20-30m²,cad,€575.20,Vittorio Veneto,Libertà,VIII,,,sempreverde,27454.56,28014.86,27454.56,26614.12,img/albero.png
ALB_031,Viale Emilia,17510,541,26/10/2025,Dott. Roberto Marceddu,031,Ficus microcarpa,Cercine,38.145629,13.336101,12,77,3,1,B,APL.026S,,,,,,,,,,,,,,,Potatura ars topiaria base 20-30m²,cad,€575.20,Vittorio Veneto,Libertà,VIII,,,sempreverde,26554.45,27096.37,26554.45,25741.55,img/albero.png
ALB_032,Viale Emilia,17510,541,26/10/2025,Dott. Roberto Marceddu,032,Ficus microcarpa,Aiuola pedonale,38.145560,13.335960,15,45,3,1,B,APL.026S,,,,,,,,,,,,,,,Potatura ars topiaria base 20-30m²,cad,€575.20,Vittorio Veneto,Libertà,VIII,,,sempreverde,16147.10,16476.63,16147.10,15652.80,img/albero.png
ALB_033,Viale Emilia,17510,541,26/10/2025,Dott. Roberto Marceddu,033,Ficus microcarpa,Aiuola pedonale,38.145524,13.335880,15,42,3,1,B,APL.026S,,,,,,,,,,,,,,,Potatura ars topiaria base 20-30m²,cad,€575.20,Vittorio Veneto,Libertà,VIII,,,sempreverde,14761.90,15063.17,14761.90,14310.01,img/albero.png
ALB_034,Viale Emilia,17510,541,26/10/2025,Dott. Roberto Marceddu,034,Ficus microcarpa,Aiuola pedonale,38.145504,13.335823,15,38,3,1,B,APL.026S,,,,,,,,,,,,,,,Potatura ars topiaria base 20-30m²,cad,€575.20,Vittorio Veneto,Libertà,VIII,,,sempreverde,12960.95,13225.46,12960.95,12564.19,img/albero.png
ALB_035,Viale Emilia,17510,541,26/10/2025,Dott. Roberto Marceddu,035,Ficus microcarpa,Aiuola pedonale,38.145476,13.335751,15,52,3,1,C,APL.026S,,,,,,,,,,,,,,,Potatura ars topiaria base 20-30m²,cad,€575.20,Vittorio Veneto,Libertà,VIII,,,sempreverde,16047.29,16374.79,16047.29,15556.05,img/albero.png
ALB_036,Viale Emilia,17510,541,26/10/2025,Dott. Roberto Marceddu,036,Ficus microcarpa,Cercine,38.145650,13.335916,12,48,0.9,0.5,B,APL.026S,,,,,,,,,,,,,,,Potatura ars topiaria base 20-30m²,cad,€575.20,Vittorio Veneto,Libertà,VIII,,,sempreverde,14365.24,14658.41,14365.24,13925.49,img/albero.png
ALB_037,Viale Emilia,17510,541,26/10/2025,Dott. Roberto Marceddu,037,Ficus microcarpa,Cercine,38.145622,13.335817,12,43,0.9,0.5,B,APL.026S,,,,,,,,,,,,,,,Potatura ars topiaria base 20-30m²,cad,€575.20,Vittorio Veneto,Libertà,VIII,,,sempreverde,12451.12,12705.22,12451.12,12069.96,img/albero.png
ALB_038,Viale Emilia,17510,541,26/10/2025,Dott. Roberto Marceddu,038,Ficus microcarpa,Cercine,38.145585,13.335722,12,43,0.9,0.5,B,APL.026S,,,,,,,,,,,,,,,Potatura ars topiaria base 20-30m²,cad,€575.20,Vittorio Veneto,Libertà,VIII,,,sempreverde,12451.12,12705.22,12451.12,12069.96,img/albero.png
ALB_039,Viale Emilia,17510,541,26/10/2025,Dott. Roberto Marceddu,039,Ficus microcarpa,Cercine,38.145531,13.335617,12,45,0.9,0.5,B,APL.026S,,,,,,,,,,,,,,,Potatura ars topiaria base 20-30m²,cad,€575.20,Vittorio Veneto,Libertà,VIII,,,sempreverde,13209.17,13478.75,13209.17,12804.81,img/albero.png
ALB_040,Viale Emilia,17510,541,26/10/2025,Dott. Roberto Marceddu,040,Ficus microcarpa,Cercine,38.145502,13.335536,12,50,0.9,0.5,B,APL.026S,,,,,,,,,,,,,,,Potatura ars topiaria base 20-30m²,cad,€575.20,Vittorio Veneto,Libertà,VIII,,,sempreverde,15148.17,15457.32,15148.17,14684.45,img/albero.png
ALB_041,Viale Emilia,17510,541,26/10/2025,Dott. Roberto Marceddu,041,Ficus microcarpa,Cercine,38.145472,13.335475,12,55,0.9,0.5,B,APL.026S,,,,,,,,,,,,,,,Potatura ars topiaria base 20-30m²,cad,€575.20,Vittorio Veneto,Libertà,VIII,,,sempreverde,17146.31,17496.24,17146.31,16621.43,img/albero.png
ALB_042,Viale Emilia,17510,541,26/10/2025,Dott. Roberto Marceddu,042,Ficus microcarpa,Cercine,38.145443,13.335425,12,45,0.9,0.5,B,APL.026S,,,,,,,,,,,,,,,Potatura ars topiaria base 20-30m²,cad,€575.20,Vittorio Veneto,Libertà,VIII,,,sempreverde,13209.17,13478.75,13209.17,12804.81,img/albero.png
ALB_043,Viale Emilia,17510,541,26/10/2025,Dott. Roberto Marceddu,043,Ficus microcarpa,Cercine,38.145417,13.335358,12,48,0.9,0.5,C,APL.026S,,,,,,,,,,,,,,,Potatura ars topiaria base 20-30m²,cad,€575.20,Vittorio Veneto,Libertà,VIII,,,sempreverde,11830.20,12071.63,11830.20,11468.05,img/albero.png
ALB_044,Viale Emilia,17510,541,26/10/2025,Dott. Roberto Marceddu,044,Ficus microcarpa,Cercine,38.145247,13.335472,12,55,0.9,0.5,B,APL.026S,,,,,,,,,,,,,,,Potatura ars topiaria base 20-30m²,cad,€575.20,Vittorio Veneto,Libertà,VIII,,,sempreverde,17146.31,17496.24,17146.31,16621.43,img/albero.png
ALB_045,Viale Emilia,17510,541,26/10/2025,Dott. Roberto Marceddu,045,Ficus microcarpa,Cercine,38.145276,13.335545,12,41,0.9,0.5,B,APL.026S,,,,,,,,,,,,,,,Potatura ars topiaria base 20-30m²,cad,€575.20,Vittorio Veneto,Libertà,VIII,,,sempreverde,11703.57,11942.42,11703.57,11345.30,img/albero.png
ALB_046,Viale Emilia,17510,541,26/10/2025,Dott. Roberto Marceddu,046,Ficus microcarpa,Cercine,38.145309,13.335604,12,39,0.9,0.5,B,APL.026S,,,,,,,,,,,,,,,Potatura ars topiaria base 20-30m²,cad,€575.20,Vittorio Veneto,Libertà,VIII,,,sempreverde,10966.88,11190.70,10966.88,10631.16,img/albero.png
ALB_047,Viale Emilia,17510,541,26/10/2025,Dott. Roberto Marceddu,047,Ficus microcarpa,Cercine,38.145337,13.335679,12,38,0.9,0.5,D,APL.018S,,,SIC24_1.6.2,"Rimozione ceppaie 0,5-1,5 m³",€228.15,,Fornitura e messa a dimora…,Fornitura con posa in opera di una pianta,,,15030034,Pali tutori castagno 2m,€18.89,,Abbattimento chioma espansa h.12-16m,cad,€316.90,Vittorio Veneto,Libertà,VIII,,,sempreverde,6236.90,6364.19,6236.90,6045.98,img/albero.png
ALB_048,Viale Emilia,17510,541,26/10/2025,Dott. Roberto Marceddu,048,Ficus microcarpa,Cercine,38.145389,13.335785,12,37,0.9,0.5,C,APL.026S,,,,,,,,,,,,,,,Potatura ars topiaria base 20-30m²,cad,€575.20,Vittorio Veneto,Libertà,VIII,,,sempreverde,8434.14,8606.26,8434.14,8175.95,img/albero.png
ALB_049,Viale Emilia,17510,541,26/10/2025,Dott. Roberto Marceddu,049,Ficus microcarpa,Cercine,38.145408,13.335864,12,39,0.9,0.5,B,APL.026S,,,,,,,,,,,,,,,Potatura ars topiaria base 20-30m²,cad,€575.20,Vittorio Veneto,Libertà,VIII,,,sempreverde,10966.88,11190.70,10966.88,10631.16,img/albero.png
ALB_050,Viale Emilia,17510,541,26/10/2025,Dott. Roberto Marceddu,050,Ficus microcarpa,Cercine,38.145439,13.335940,12,38,0.9,0.5,B,APL.026S,,,,,,,,,,,,,,,Potatura ars topiaria base 20-30m²,cad,€575.20,Vittorio Veneto,Libertà,VIII,,,sempreverde,10602.74,10819.12,10602.74,10278.16,img/albero.png
ALB_051,Viale Emilia,17510,541,26/10/2025,Dott. Roberto Marceddu,051,Ficus microcarpa,Cercine,38.145471,13.336025,12,45,0.9,0.5,B,APL.026S,,,,,,,,,,,,,,,Potatura ars topiaria base 20-30m²,cad,€575.20,Vittorio Veneto,Libertà,VIII,,,sempreverde,13209.17,13478.75,13209.17,12804.81,img/albero.png
ALB_052,Viale Emilia,17510,541,26/10/2025,Dott. Roberto Marceddu,052,Brachychiton acerifolius ,Cercine,38.145528,13.336239,10,27,1.2,0.5,C,APL.002S,,,,,,,,,,,,,,,Potatura latifoglie sempreverdi h.8-16m,cad,€358.16,Vittorio Veneto,Libertà,VIII,,,semi-decidua,3230.88,4307.84,3661.67,2584.71,img/albero.png
ALB_053,Viale Emilia,17510,541,26/10/2025,Dott. Roberto Marceddu,053,Brachychiton acerifolius ,Cercine,38.145571,13.336337,10,32,1.2,0.5,B,APL.002S,,,,,,,,,,,,,,,Potatura latifoglie sempreverdi h.8-16m,cad,€358.16,Vittorio Veneto,Libertà,VIII,,,semi-decidua,4892.87,6523.83,5545.26,3914.30,img/albero.png
ALB_054,Viale Emilia,17510,541,26/10/2025,Dott. Roberto Marceddu,054,Brachychiton acerifolius ,Cercine,38.145609,13.336435,12,32,1.2,0.5,B,APL.002S,,,,,,,,,,,,,,,Potatura latifoglie sempreverdi h.8-16m,cad,€358.16,Vittorio Veneto,Libertà,VIII,,,semi-decidua,5765.37,7687.16,6534.09,4612.30,img/albero.png
ALB_055,Viale Emilia,17510,541,26/10/2025,Dott. Roberto Marceddu,055,Ficus benjamina,Cercine,38.145652,13.336528,10,18,1.2,0.5,C,APL.026S,,,,,,,,,,,,,,,Potatura ars topiaria base 20-30m²,cad,€575.20,Vittorio Veneto,Libertà,VIII,,,sempreverde,2638.71,2692.56,2638.71,2557.93,img/albero.png
ALB_056,Viale Emilia,17510,541,26/10/2025,Dott. Roberto Marceddu,056,Celtis australis,Cercine stradale,38.145829,13.336518,15,137,0.2,,C,APL.006S,,,,,,,,,,,,,,,Potatura decidui chioma espansa h.12-16m,cad,€250.87,Vittorio Veneto,Libertà,VIII,,,decidua,56532.91,80761.30,44418.71,0.00,img/albero.png
ALB_057,Viale Emilia,17510,541,26/10/2025,Dott. Roberto Marceddu,057,Acer negundo,Cercine,38.146238,13.337607,8,42,0.2,,D,APL.017S,,,SIC24_1.6.2,"Rimozione ceppaie 0,5-1,5 m³",€228.15,,Fornitura e messa a dimora…,Fornitura con posa in opera di una pianta,,,15030034,Pali tutori castagno 2m,€18.89,,Abbattimento chioma espansa h.6-12m,cad,€256.86,Vittorio Veneto,Libertà,VIII,,,decidua,3270.99,5032.30,2264.53,0.00,img/albero.png
ALB_058,Viale Emilia,17510,541,26/10/2025,Dott. Roberto Marceddu,058,Robinia pseudoacacia,Aiuola pedonale,38.146651,13.338721,12,45,1.2,0.4,B,APL.005S,,,,,,,,,,,,,,,Potatura decidui chioma espansa h.6-12m,cad,€186.07,Vittorio Veneto,Libertà,VIII,,,decidua,11812.62,16875.17,8437.59,0.00,img/albero.png
ALB_059,Viale Emilia,17510,541,26/10/2025,Dott. Roberto Marceddu,059,Sophora japonica,Aiuola pedonale,38.146673,13.338800,12,38,1.2,0.4,B,APL.005S,,,,,,,,,,,,,,,Potatura decidui chioma espansa h.6-12m,cad,€186.07,Vittorio Veneto,Libertà,VIII,,,decidua,9322.79,13318.27,6659.13,0.00,img/albero.png
ALB_060,Viale Emilia,17510,541,26/10/2025,Dott. Roberto Marceddu,060,Sophora japonica,Aiuola pedonale,38.146705,13.338859,,30,1.2,0.4,B,APL.005S,,,,,,,,,,,,,,,Potatura decidui chioma espansa h.6-12m,cad,€186.07,Vittorio Veneto,Libertà,VIII,,,decidua,0.00,0.00,0.00,0.00,img/albero.png
ALB_061,Viale Emilia,17510,541,26/10/2025,Dott. Roberto Marceddu,061,Robinia pseudoacacia,Aiuola pedonale,38.146807,13.339127,,15,1.2,0.4,B,SIC24_1.6.2,,,Fornitura e messa a dimora…,,,,15030034,Fornitura con posa in opera di una pianta,€18.89,,,Pali tutori castagno 2m,,,"Rimozione ceppaie 0,5-1,5 m³",cad,€228.15,Vittorio Veneto,Libertà,VIII,,,decidua,0.00,0.00,0.00,0.00,img/albero.png
ALB_062,Viale Emilia,17510,541,26/10/2025,Dott. Roberto Marceddu,062,Robinia pseudoacacia,Aiuola pedonale,38.146879,13.339347,,15,1.2,0.4,B,SIC24_1.6.2,,,Fornitura e messa a dimora…,,,,15030034,Fornitura con posa in opera di una pianta,€18.89,,,Pali tutori castagno 2m,,,"Rimozione ceppaie 0,5-1,5 m³",cad,€228.15,Vittorio Veneto,Libertà,VIII,,,decidua,0.00,0.00,0.00,0.00,img/albero.png
ALB_063,Viale Emilia,17510,541,26/10/2025,Dott. Roberto Marceddu,063,Robinia pseudoacacia,Aiuola pedonale,38.146975,13.339557,,15,1.2,0.4,B,SIC24_1.6.2,,,Fornitura e messa a dimora…,,,,15030034,Fornitura con posa in opera di una pianta,€18.89,,,Pali tutori castagno 2m,,,"Rimozione ceppaie 0,5-1,5 m³",cad,€228.15,Vittorio Veneto,Libertà,VIII,,,decidua,0.00,0.00,0.00,0.00,img/albero.png
ALB_064,Viale Emilia,17510,541,26/10/2025,Dott. Roberto Marceddu,064,Robinia pseudoacacia,Aiuola pedonale,38.147060,13.339758,,15,1.2,0.4,B,SIC24_1.6.2,,,Fornitura e messa a dimora…,,,,15030034,Fornitura con posa in opera di una pianta,€18.89,,,Pali tutori castagno 2m,,,"Rimozione ceppaie 0,5-1,5 m³",cad,€228.15,Vittorio Veneto,Libertà,VIII,,,decidua,0.00,0.00,0.00,0.00,img/albero.png
ALB_065,Viale Emilia,17510,541,26/10/2025,Dott. Roberto Marceddu,065,Pinus halepensis,Cercine stradale,38.146389,13.338889,16,64,,,D,APL.024S,Coordinate rilevate da Google earth,,SIC24_1.6.2,"Rimozione ceppaie 0,5-1,5 m³",€228.15,,Fornitura e messa a dimora…,Fornitura con posa in opera di una pianta,,,15030034,Pali tutori castagno 2m,€18.89,,Abbattimento chioma piramidale h.16-23m,cad,€521.24,Vittorio Veneto,Libertà,VIII,,,sempreverde,2923.16,2982.81,2923.16,2833.67,img/albero.png
ALB_066,Via Pignatelli Aragona,35670,275,02/11/2025,Dott. Roberto Marceddu,001,Ficus microcarpa,Cercine,38.120839,13.356748,12,76,1,4.5,B,APL.026S,,,,,,,,,,,,,,,Potatura ars topiaria base 20-30m²,cad,€575.20,S.Francesco di Paola - Terrasanta,Politeama,VIII,,,sempreverde,26107.00,26639.80,26107.00,25307.81,img/albero.png
ALB_067,Via Pignatelli Aragona,35670,275,02/11/2025,Dott. Roberto Marceddu,002,Ficus microcarpa,Cercine,38.120856,13.356666,12,52,1,4.5,B,APL.026S,,,,,,,,,,,,,,,Potatura ars topiaria base 20-30m²,cad,€575.20,S.Francesco di Paola - Terrasanta,Politeama,VIII,,,sempreverde,15940.56,16265.88,15940.56,15452.59,img/albero.png
ALB_068,Via Pignatelli Aragona,35670,275,02/11/2025,Dott. Roberto Marceddu,003,Ficus microcarpa,Cercine,38.120871,13.356590,12,79,1,4.5,B,APL.026S,,,,,,,,,,,,,,,Potatura ars topiaria base 20-30m²,cad,€575.20,S.Francesco di Paola - Terrasanta,Politeama,VIII,,,sempreverde,27454.56,28014.86,27454.56,26614.12,img/albero.png
ALB_069,Via Pignatelli Aragona,35670,275,02/11/2025,Dott. Roberto Marceddu,004,Ficus microcarpa,Cercine,38.120886,13.356503,12,53,1,4.5,D,APL.018S,,,SIC24_1.6.2,"Rimozione ceppaie 0,5-1,5 m³",€228.15,,Fornitura e messa a dimora…,Fornitura con posa in opera di una pianta,,,15030034,Pali tutori castagno 2m,€18.89,,Abbattimento chioma espansa h.12-16m,cad,€316.90,S.Francesco di Paola - Terrasanta,Politeama,VIII,,,sempreverde,9611.89,9808.06,9611.89,9317.65,img/albero.png
ALB_070,Via Pignatelli Aragona,35670,275,02/11/2025,Dott. Roberto Marceddu,005,Ficus microcarpa,Cercine,38.120909,13.356381,12,59,1.5,4.5,B,APL.026S,,,,,,,,,,,,,,,Potatura ars topiaria base 20-30m²,cad,€575.20,S.Francesco di Paola - Terrasanta,Politeama,VIII,,,sempreverde,18784.81,19168.18,18784.81,18209.77,img/albero.png
ALB_071,Via Pignatelli Aragona,35670,275,02/11/2025,Dott. Roberto Marceddu,006,Ficus microcarpa,Cercine,38.120931,13.356307,12,65,1.5,4.5,B,APL.026S,,,,,,,,,,,,,,,Potatura ars topiaria base 20-30m²,cad,€575.20,S.Francesco di Paola - Terrasanta,Politeama,VIII,,,sempreverde,21305.25,21740.05,21305.25,20653.05,img/albero.png
ALB_072,Via Pignatelli Aragona,35670,275,02/11/2025,Dott. Roberto Marceddu,007,Ficus microcarpa,Cercine,38.120949,13.356233,12,65,1.5,4.5,B,APL.026S,,,,,,,,,,,,,,,Potatura ars topiaria base 20-30m²,cad,€575.20,S.Francesco di Paola - Terrasanta,Politeama,VIII,,,sempreverde,21305.25,21740.05,21305.25,20653.05,img/albero.png
ALB_073,Via Pignatelli Aragona,35670,275,02/11/2025,Dott. Roberto Marceddu,008,Ficus microcarpa,Cercine,38.120969,13.356155,12,63,1,4.5,C,APL.026S,,,,,,,,,,,,,,,Potatura ars topiaria base 20-30m²,cad,€575.20,S.Francesco di Paola - Terrasanta,Politeama,VIII,,,sempreverde,16846.94,17190.76,16846.94,16331.22,img/albero.png
ALB_074,Via Pignatelli Aragona,35670,275,02/11/2025,Dott. Roberto Marceddu,009,Ficus microcarpa,Cercine,38.121027,13.355921,12,82,1.5,4.5,C,APL.026S,,,,,,,,,,,,,,,Potatura ars topiaria base 20-30m²,cad,€575.20,S.Francesco di Paola - Terrasanta,Politeama,VIII,,,sempreverde,23732.11,24216.44,23732.11,23005.62,img/albero.png
ALB_075,Via Pignatelli Aragona,35670,275,02/11/2025,Dott. Roberto Marceddu,010,Ficus microcarpa,Cercine,38.121042,13.355819,12,77,1.5,4.5,B,APL.026S,,,,,,,,,,,,,,,Potatura ars topiaria base 20-30m²,cad,€575.20,S.Francesco di Paola - Terrasanta,Politeama,VIII,,,sempreverde,26554.45,27096.37,26554.45,25741.55,img/albero.png
ALB_076,Via Pignatelli Aragona,35670,275,02/11/2025,Dott. Roberto Marceddu,011,Ficus microcarpa,Cercine,38.121315,13.354424,12,62,1.2,0.4,B,APL.026S,,,,,,,,,,,,,,,Potatura ars topiaria base 20-30m²,cad,€575.20,S.Francesco di Paola - Terrasanta,Politeama,VIII,,,sempreverde,20035.88,20444.78,20035.88,19422.54,img/albero.png
ALB_077,Via Pignatelli Aragona,35670,275,02/11/2025,Dott. Roberto Marceddu,012,Ficus microcarpa,Cercine,38.121345,13.354338,12,49,1.2,0.5,C,APL.026S,,,,,,,,,,,,,,,Potatura ars topiaria base 20-30m²,cad,€575.20,S.Francesco di Paola - Terrasanta,Politeama,VIII,,,sempreverde,12151.60,12399.59,12151.60,11779.61,img/albero.png
ALB_078,Via Pignatelli Aragona,35670,275,02/11/2025,Dott. Roberto Marceddu,013,Ficus microcarpa,Cercine,38.121360,13.354273,12,41,1.7,0.4,B,APL.026S,,,,,,,,,,,,,,,Potatura ars topiaria base 20-30m²,cad,€575.20,S.Francesco di Paola - Terrasanta,Politeama,VIII,,,sempreverde,11703.57,11942.42,11703.57,11345.30,img/albero.png
ALB_079,Via Pignatelli Aragona,35670,275,02/11/2025,Dott. Roberto Marceddu,014,Ficus microcarpa,Cercine,38.121376,13.354183,12,38,1.7,0.5,C/D,APL.026S,Ricontrollo post-intervento,,,,,,,,,,,,,,Potatura ars topiaria base 20-30m²,cad,€575.20,S.Francesco di Paola - Terrasanta,Politeama,VIII,,,sempreverde,3742.14,3818.51,3742.14,3627.59,img/albero.png
ALB_080,Via Pignatelli Aragona,35670,275,02/11/2025,Dott. Roberto Marceddu,015,Ficus microcarpa,Cercine,38.121404,13.354133,12,50,0.6,0.4,C/D,APL.026S,Ricontrollo post-intervento,,,,,,,,,,,,,,Potatura ars topiaria base 20-30m²,cad,€575.20,S.Francesco di Paola - Terrasanta,Politeama,VIII,,,sempreverde,5346.41,5455.53,5346.41,5182.75,img/albero.png
ALB_081,Via Pignatelli Aragona,35670,275,02/11/2025,Dott. Roberto Marceddu,016,Ficus microcarpa,Cercine,38.121371,13.353804,12,48,0.2,0.5,C,APL.026S,,,,,,,,,,,,,,,Potatura ars topiaria base 20-30m²,cad,€575.20,S.Francesco di Paola - Terrasanta,Politeama,VIII,,,sempreverde,11830.20,12071.63,11830.20,11468.05,img/albero.png
ALB_082,Via Pignatelli Aragona,35670,275,02/11/2025,Dott. Roberto Marceddu,017,Ficus microcarpa,Cercine,38.121307,13.354075,10,37,2,1,D,APL.018S,,,SIC24_1.6.2,"Rimozione ceppaie 0,5-1,5 m³",€228.15,,Fornitura e messa a dimora…,Fornitura con posa in opera di una pianta,,,15030034,Pali tutori castagno 2m,€18.89,,Abbattimento chioma espansa h.12-16m,cad,€316.90,S.Francesco di Paola - Terrasanta,Politeama,VIII,,,sempreverde,5112.69,5217.03,5112.69,4956.18,img/albero.png
ALB_083,Via Pignatelli Aragona,35670,275,02/11/2025,Dott. Roberto Marceddu,018,Ficus microcarpa,Cercine,38.121294,13.354170,12,45,2,1,D,APL.018S,,,SIC24_1.6.2,"Rimozione ceppaie 0,5-1,5 m³",€228.15,,Fornitura e messa a dimora…,Fornitura con posa in opera di una pianta,,,15030034,Pali tutori castagno 2m,€18.89,,Abbattimento chioma espansa h.12-16m,cad,€316.90,S.Francesco di Paola - Terrasanta,Politeama,VIII,,,sempreverde,7770.10,7928.67,7770.10,7532.24,img/albero.png
ALB_084,Via Pignatelli Aragona,35670,275,02/11/2025,Dott. Roberto Marceddu,019,Ficus microcarpa,Cercine,38.121281,13.354216,12,42,2,1.2,B,APL.026S,,,,,,,,,,,,,,,Potatura ars topiaria base 20-30m²,cad,€575.20,S.Francesco di Paola - Terrasanta,Politeama,VIII,,,sempreverde,12076.01,12322.46,12076.01,11706.33,img/albero.png
ALB_085,Via Pignatelli Aragona,35670,275,02/11/2025,Dott. Roberto Marceddu,020,Ficus microcarpa,Cercine,38.121271,13.354265,12,35,2,1.2,B,APL.026S,,,,,,,,,,,,,,,Potatura ars topiaria base 20-30m²,cad,€575.20,S.Francesco di Paola - Terrasanta,Politeama,VIII,,,sempreverde,9527.69,9722.14,9527.69,9236.03,img/albero.png
ALB_086,Via Pignatelli Aragona,35670,275,02/11/2025,Dott. Roberto Marceddu,021,Ficus microcarpa,Cercine,38.121256,13.354321,12,47,2,1,B,APL.026S,,,,,,,,,,,,,,,Potatura ars topiaria base 20-30m²,cad,€575.20,S.Francesco di Paola - Terrasanta,Politeama,VIII,,,sempreverde,13977.40,14262.66,13977.40,13549.52,img/albero.png
ALB_087,Via Pignatelli Aragona,35670,275,02/11/2025,Dott. Roberto Marceddu,022,Ficus microcarpa,Cercine,38.121236,13.354382,12,65,2,1.5,B,APL.026S,,,,,,,,,,,,,,,Potatura ars topiaria base 20-30m²,cad,€575.20,S.Francesco di Paola - Terrasanta,Politeama,VIII,,,sempreverde,21305.25,21740.05,21305.25,20653.05,img/albero.png
ALB_088,Via Pignatelli Aragona,35670,275,02/11/2025,Dott. Roberto Marceddu,023,Ficus microcarpa,Cercine,38.121210,13.354577,12,40,2,1.5,B,APL.026S,,,,,,,,,,,,,,,Potatura ars topiaria base 20-30m²,cad,€575.20,S.Francesco di Paola - Terrasanta,Politeama,VIII,,,sempreverde,11333.85,11565.15,11333.85,10986.89,img/albero.png
ALB_089,Via Pignatelli Aragona,35670,275,02/11/2025,Dott. Roberto Marceddu,024,Ficus microcarpa,Cercine,38.121191,13.354653,12,49,2,1.5,B,APL.026S,,,,,,,,,,,,,,,Potatura ars topiaria base 20-30m²,cad,€575.20,S.Francesco di Paola - Terrasanta,Politeama,VIII,,,sempreverde,14755.51,15056.64,14755.51,14303.81,img/albero.png
ALB_090,Via Pignatelli Aragona,35670,275,02/11/2025,Dott. Roberto Marceddu,025,Ficus microcarpa,Cercine,38.121175,13.354725,12,47,2,1.5,B,APL.026S,,,,,,,,,,,,,,,Potatura ars topiaria base 20-30m²,cad,€575.20,S.Francesco di Paola - Terrasanta,Politeama,VIII,,,sempreverde,13977.40,14262.66,13977.40,13549.52,img/albero.png
ALB_091,Via Pignatelli Aragona,35670,275,02/11/2025,Dott. Roberto Marceddu,026,Ficus microcarpa,Cercine,38.121139,13.354858,12,50,2,2,C,APL.026S,,,,,,,,,,,,,,,Potatura ars topiaria base 20-30m²,cad,€575.20,S.Francesco di Paola - Terrasanta,Politeama,VIII,,,sempreverde,12474.97,12729.56,12474.97,12093.08,img/albero.png
ALB_092,Via Pignatelli Aragona,35670,275,02/11/2025,Dott. Roberto Marceddu,027,Ficus microcarpa,Cercine,38.121126,13.354924,12,46,1.5,,C/D,APL.026S,Ricontrollo post-intervento,,,,,,,,,,,,,,Potatura ars topiaria base 20-30m²,cad,€575.20,S.Francesco di Paola - Terrasanta,Politeama,VIII,,,sempreverde,4797.19,4895.09,4797.19,4650.34,img/albero.png
ALB_093,Via Pignatelli Aragona,35670,275,02/11/2025,Dott. Roberto Marceddu,028,Ficus microcarpa,Cercine,38.121113,13.354998,12,65,1.5,1.5,B,APL.026S,,,,,,,,,,,,,,,Potatura ars topiaria base 20-30m²,cad,€575.20,S.Francesco di Paola - Terrasanta,Politeama,VIII,,,sempreverde,21305.25,21740.05,21305.25,20653.05,img/albero.png
ALB_094,Via Pignatelli Aragona,35670,275,02/11/2025,Dott. Roberto Marceddu,029,Ficus microcarpa,Cercine,38.121097,13.355074,12,62,1.5,2,B,APL.026S,,,,,,,,,,,,,,,Potatura ars topiaria base 20-30m²,cad,€575.20,S.Francesco di Paola - Terrasanta,Politeama,VIII,,,sempreverde,20035.88,20444.78,20035.88,19422.54,img/albero.png
ALB_095,Via Pignatelli Aragona,35670,275,02/11/2025,Dott. Roberto Marceddu,030,Ficus microcarpa,Cercine,38.121076,13.355160,12,68,1.5,1.5,B,APL.026S,,,,,,,,,,,,,,,Potatura ars topiaria base 20-30m²,cad,€575.20,S.Francesco di Paola - Terrasanta,Politeama,VIII,,,sempreverde,22592.32,23053.39,22592.32,21900.72,img/albero.png
ALB_096,Via Pignatelli Aragona,35670,275,02/11/2025,Dott. Roberto Marceddu,031,Ficus microcarpa,Cercine,38.121057,13.355239,12,38,1.5,1.5,B,APL.026S,,,,,,,,,,,,,,,Potatura ars topiaria base 20-30m²,cad,€575.20,S.Francesco di Paola - Terrasanta,Politeama,VIII,,,sempreverde,10602.74,10819.12,10602.74,10278.16,img/albero.png
ALB_097,Via Pignatelli Aragona,35670,275,02/11/2025,Dott. Roberto Marceddu,032,Ficus microcarpa,Cercine,38.121036,13.355317,12,58,2,1,D,APL.018S,,,SIC24_1.6.2,"Rimozione ceppaie 0,5-1,5 m³",€228.15,,Fornitura e messa a dimora…,Fornitura con posa in opera di una pianta,,,15030034,Pali tutori castagno 2m,€18.89,,Abbattimento chioma espansa h.12-16m,cad,€316.90,S.Francesco di Paola - Terrasanta,Politeama,VIII,,,sempreverde,10807.04,11027.59,10807.04,10476.21,img/albero.png
ALB_098,Via Pignatelli Aragona,35670,275,02/11/2025,Dott. Roberto Marceddu,033,Ficus microcarpa,Cercine,38.121017,13.355394,12,38,1.5,2,D,APL.018S,,,SIC24_1.6.2,"Rimozione ceppaie 0,5-1,5 m³",€228.15,,Fornitura e messa a dimora…,Fornitura con posa in opera di una pianta,,,15030034,Pali tutori castagno 2m,€18.89,,Abbattimento chioma espansa h.12-16m,cad,€316.90,S.Francesco di Paola - Terrasanta,Politeama,VIII,,,sempreverde,6236.90,6364.19,6236.90,6045.98,img/albero.png
ALB_099,Via Pignatelli Aragona,35670,275,02/11/2025,Dott. Roberto Marceddu,034,Ficus microcarpa,Cercine,38.121000,13.355467,12,41,1.5,2,B,APL.026S,,,,,,,,,,,,,,,Potatura ars topiaria base 20-30m²,cad,€575.20,S.Francesco di Paola - Terrasanta,Politeama,VIII,,,sempreverde,11703.57,11942.42,11703.57,11345.30,img/albero.png
ALB_100,Via Pignatelli Aragona,35670,275,02/11/2025,Dott. Roberto Marceddu,035,Ficus microcarpa,Cercine,38.120984,13.355545,12,43,1.5,2,B,APL.026S,,,,,,,,,,,,,,,Potatura ars topiaria base 20-30m²,cad,€575.20,S.Francesco di Paola - Terrasanta,Politeama,VIII,,,sempreverde,12451.12,12705.22,12451.12,12069.96,img/albero.png
ALB_101,Via Pignatelli Aragona,35670,275,02/11/2025,Dott. Roberto Marceddu,036,Ficus microcarpa,Cercine,38.120963,13.355635,12,52,1.5,2,B,APL.026S,,,,,,,,,,,,,,,Potatura ars topiaria base 20-30m²,cad,€575.20,S.Francesco di Paola - Terrasanta,Politeama,VIII,,,sempreverde,15940.56,16265.88,15940.56,15452.59,img/albero.png
ALB_102,Via Pignatelli Aragona,35670,275,02/11/2025,Dott. Roberto Marceddu,037,Ficus microcarpa,Cercine,38.120945,13.355701,12,45,1.5,2,B,APL.026S,,,,,,,,,,,,,,,Potatura ars topiaria base 20-30m²,cad,€575.20,S.Francesco di Paola - Terrasanta,Politeama,VIII,,,sempreverde,13209.17,13478.75,13209.17,12804.81,img/albero.png
ALB_103,Via Pignatelli Aragona,35670,275,02/11/2025,Dott. Roberto Marceddu,038,Ficus microcarpa,Cercine,38.120931,13.355774,12,55,1.5,2,B,APL.026S,,,,,,,,,,,,,,,Potatura ars topiaria base 20-30m²,cad,€575.20,S.Francesco di Paola - Terrasanta,Politeama,VIII,,,sempreverde,17146.31,17496.24,17146.31,16621.43,img/albero.png
ALB_104,Via Pignatelli Aragona,35670,275,02/11/2025,Dott. Roberto Marceddu,039,Ficus microcarpa,Cercine,38.120915,13.355850,12,48,1.5,2,B,APL.026S,,,,,,,,,,,,,,,Potatura ars topiaria base 20-30m²,cad,€575.20,S.Francesco di Paola - Terrasanta,Politeama,VIII,,,sempreverde,14365.24,14658.41,14365.24,13925.49,img/albero.png
ALB_105,Via Pignatelli Aragona,35670,275,02/11/2025,Dott. Roberto Marceddu,040,Ficus microcarpa,Cercine,38.120899,13.355916,12,36,1.5,2,B,APL.026S,,,,,,,,,,,,,,,Potatura ars topiaria base 20-30m²,cad,€575.20,S.Francesco di Paola - Terrasanta,Politeama,VIII,,,sempreverde,9883.09,10084.78,9883.09,9580.54,img/albero.png
ALB_106,Via Pignatelli Aragona,35670,275,02/11/2025,Dott. Roberto Marceddu,041,Ficus microcarpa,Cercine,38.120888,13.355971,12,48,1.5,2,C,APL.026S,,,,,,,,,,,,,,,Potatura ars topiaria base 20-30m²,cad,€575.20,S.Francesco di Paola - Terrasanta,Politeama,VIII,,,sempreverde,11830.20,12071.63,11830.20,11468.05,img/albero.png
ALB_107,Via Pignatelli Aragona,35670,275,02/11/2025,Dott. Roberto Marceddu,042,Ficus microcarpa,Cercine,38.120877,13.356029,12,52,1.5,2,C,APL.026S,,,,,,,,,,,,,,,Potatura ars topiaria base 20-30m²,cad,€575.20,S.Francesco di Paola - Terrasanta,Politeama,VIII,,,sempreverde,13127.52,13395.43,13127.52,12725.66,img/albero.png
ALB_108,Via Pignatelli Aragona,35670,275,02/11/2025,Dott. Roberto Marceddu,043,Ficus microcarpa,Cercine,38.120863,13.356087,12,52,1.5,2.5,C,APL.026S,,,,,,,,,,,,,,,Potatura ars topiaria base 20-30m²,cad,€575.20,S.Francesco di Paola - Terrasanta,Politeama,VIII,,,sempreverde,13127.52,13395.43,13127.52,12725.66,img/albero.png
ALB_109,Via Pignatelli Aragona,35670,275,02/11/2025,Dott. Roberto Marceddu,044,Ficus microcarpa,Cercine,38.120847,13.356151,12,78,1.5,,B,APL.026S,Cercine esaurito a contatto col colletto; assente distanza di rispetto tra tronco e marciapiede,,,,,,,,,,,,,,Potatura ars topiaria base 20-30m²,cad,€575.20,S.Francesco di Paola - Terrasanta,Politeama,VIII,,,sempreverde,27003.64,27554.73,27003.64,26177.00,img/albero.png
ALB_110,Via Pignatelli Aragona,35670,275,02/11/2025,Dott. Roberto Marceddu,045,Ficus microcarpa,Cercine,38.120790,13.356470,12,59,1.2,,B,APL.026S,Cercine esaurito a contatto col colletto; assente distanza di rispetto tra tronco e marciapiede,,,,,,,,,,,,,,Potatura ars topiaria base 20-30m²,cad,€575.20,S.Francesco di Paola - Terrasanta,Politeama,VIII,,,sempreverde,18784.81,19168.18,18784.81,18209.77,img/albero.png
ALB_111,Via Pignatelli Aragona,35670,275,02/11/2025,Dott. Roberto Marceddu,046,Ficus microcarpa,Cercine,38.120769,13.356597,12,65,1,,B,APL.026S,Cercine esaurito a contatto col colletto; assente distanza di rispetto tra tronco e marciapiede,,,,,,,,,,,,,,Potatura ars topiaria base 20-30m²,cad,€575.20,S.Francesco di Paola - Terrasanta,Politeama,VIII,,,sempreverde,21305.25,21740.05,21305.25,20653.05,img/albero.png
ALB_112,Via Pignatelli Aragona,35670,275,02/11/2025,Dott. Roberto Marceddu,047,Ficus microcarpa,Cercine,38.120753,13.356683,12,65,1,,B,APL.026S,Cercine esaurito a contatto col colletto; assente distanza di rispetto tra tronco e marciapiede,,,,,,,,,,,,,,Potatura ars topiaria base 20-30m²,cad,€575.20,S.Francesco di Paola - Terrasanta,Politeama,VIII,,,sempreverde,21305.25,21740.05,21305.25,20653.05,img/albero.png
ALB_113,Via Pignatelli Aragona,35670,275,02/11/2025,Dott. Roberto Marceddu,048,Ficus microcarpa,Cercine,38.120713,13.356793,12,103,1,,B,APL.026S,Cercine esaurito a contatto col colletto; assente distanza di rispetto tra tronco e marciapiede,,,,,,,,,,,,,,Potatura ars topiaria base 20-30m²,cad,€575.20,S.Francesco di Paola - Terrasanta,Politeama,VIII,,,sempreverde,38760.35,39551.38,38760.35,37573.81,img/albero.png
ALB_114,Via Delle Croci,14910,345,01/11/2025,Dott. Roberto Marceddu,001,Ficus microcarpa,Cercine,38.131018,13.353000,12,48,0.5,,B,APL.026S,Cercine esaurito a contatto col colletto; assente distanza di rispetto tra tronco e marciapiede,,,,,,,,,,,,,,Potatura ars topiaria base 20-30m²,cad,€575.20,Notarbartolo - Giardino Inglese,Libertà,VIII,,,sempreverde,14365.24,14658.41,14365.24,13925.49,img/albero.png
ALB_115,Via Delle Croci,14910,345,01/11/2025,Dott. Roberto Marceddu,002,Ficus microcarpa,Cercine,38.131054,13.353087,12,48,0.5,,B,APL.026S,Cercine esaurito a contatto col colletto; assente distanza di rispetto tra tronco e marciapiede,,,,,,,,,,,,,,Potatura ars topiaria base 20-30m²,cad,€575.20,Notarbartolo - Giardino Inglese,Libertà,VIII,,,sempreverde,14365.24,14658.41,14365.24,13925.49,img/albero.png
ALB_116,Via Delle Croci,14910,345,01/11/2025,Dott. Roberto Marceddu,003,Ficus microcarpa,Cercine,38.131097,13.353191,12,46,0.5,,B,APL.026S,Cercine esaurito a contatto col colletto; assente distanza di rispetto tra tronco e marciapiede,,,,,,,,,,,,,,Potatura ars topiaria base 20-30m²,cad,€575.20,Notarbartolo - Giardino Inglese,Libertà,VIII,,,sempreverde,13592.03,13869.42,13592.03,13175.95,img/albero.png
ALB_117,Via Delle Croci,14910,345,01/11/2025,Dott. Roberto Marceddu,004,Ficus microcarpa,Cercine,38.131133,13.353290,12,42,0.4,,B,APL.026S,Cercine esaurito a contatto col colletto; assente distanza di rispetto tra tronco e marciapiede,,,,,,,,,,,,,,Potatura ars topiaria base 20-30m²,cad,€575.20,Notarbartolo - Giardino Inglese,Libertà,VIII,,,sempreverde,12076.01,12322.46,12076.01,11706.33,img/albero.png
ALB_118,Via Delle Croci,14910,345,01/11/2025,Dott. Roberto Marceddu,005,Ficus microcarpa,Cercine,38.131165,13.353365,12,47,0.5,,B,APL.026S,Cercine esaurito a contatto col colletto; assente distanza di rispetto tra tronco e marciapiede,,,,,,,,,,,,,,Potatura ars topiaria base 20-30m²,cad,€575.20,Notarbartolo - Giardino Inglese,Libertà,VIII,,,sempreverde,13977.40,14262.66,13977.40,13549.52,img/albero.png
ALB_119,Via Delle Croci,14910,345,01/11/2025,Dott. Roberto Marceddu,006,Ficus microcarpa,Cercine,38.131195,13.353427,12,45,0.5,,B,APL.026S,Cercine esaurito a contatto col colletto; assente distanza di rispetto tra tronco e marciapiede,,,,,,,,,,,,,,Potatura ars topiaria base 20-30m²,cad,€575.20,Notarbartolo - Giardino Inglese,Libertà,VIII,,,sempreverde,13209.17,13478.75,13209.17,12804.81,img/albero.png
ALB_120,Via Delle Croci,14910,345,01/11/2025,Dott. Roberto Marceddu,007,Ficus microcarpa,Cercine,38.131221,13.353500,12,39,0.5,,B,APL.026S,Cercine esaurito a contatto col colletto; assente distanza di rispetto tra tronco e marciapiede,,,,,,,,,,,,,,Potatura ars topiaria base 20-30m²,cad,€575.20,Notarbartolo - Giardino Inglese,Libertà,VIII,,,sempreverde,10966.88,11190.70,10966.88,10631.16,img/albero.png
ALB_121,Via Delle Croci,14910,345,01/11/2025,Dott. Roberto Marceddu,008,Ficus microcarpa,Cercine,38.131274,13.353647,12,49,0.5,,B,APL.026S,Cercine esaurito a contatto col colletto; assente distanza di rispetto tra tronco e marciapiede,,,,,,,,,,,,,,Potatura ars topiaria base 20-30m²,cad,€575.20,Notarbartolo - Giardino Inglese,Libertà,VIII,,,sempreverde,14755.51,15056.64,14755.51,14303.81,img/albero.png
ALB_122,Via Delle Croci,14910,345,01/11/2025,Dott. Roberto Marceddu,009,Ficus microcarpa,Cercine,38.131312,13.353749,12,46,0.5,0.2,B,APL.026S,,,,,,,,,,,,,,,Potatura ars topiaria base 20-30m²,cad,€575.20,Notarbartolo - Giardino Inglese,Libertà,VIII,,,sempreverde,13592.03,13869.42,13592.03,13175.95,img/albero.png
ALB_123,Via Delle Croci,14910,345,01/11/2025,Dott. Roberto Marceddu,010,Ficus microcarpa,Cercine,38.131355,13.353846,12,39,0.5,0.2,C,APL.026S,,,,,,,,,,,,,,,Potatura ars topiaria base 20-30m²,cad,€575.20,Notarbartolo - Giardino Inglese,Libertà,VIII,,,sempreverde,9031.55,9215.87,9031.55,8755.08,img/albero.png
ALB_124,Via Delle Croci,14910,345,01/11/2025,Dott. Roberto Marceddu,011,Ficus microcarpa,Cercine,38.131381,13.353917,12,42,0.5,0.2,B,APL.026S,,,,,,,,,,,,,,,Potatura ars topiaria base 20-30m²,cad,€575.20,Notarbartolo - Giardino Inglese,Libertà,VIII,,,sempreverde,12076.01,12322.46,12076.01,11706.33,img/albero.png
ALB_125,Via Delle Croci,14910,345,01/11/2025,Dott. Roberto Marceddu,012,Ficus microcarpa,Cercine,38.131416,13.353998,12,48,0.5,0.6,C,APL.026S,,,,,,,,,,,,,,,Potatura ars topiaria base 20-30m²,cad,€575.20,Notarbartolo - Giardino Inglese,Libertà,VIII,,,sempreverde,11830.20,12071.63,11830.20,11468.05,img/albero.png
ALB_126,Via Delle Croci,14910,345,01/11/2025,Dott. Roberto Marceddu,013,Ficus microcarpa,Cercine,38.131449,13.354083,12,50,0.5,0.4,B,APL.026S,,,,,,,,,,,,,,,Potatura ars topiaria base 20-30m²,cad,€575.20,Notarbartolo - Giardino Inglese,Libertà,VIII,,,sempreverde,15148.17,15457.32,15148.17,14684.45,img/albero.png
ALB_127,Via Delle Croci,14910,345,01/11/2025,Dott. Roberto Marceddu,014,Ficus microcarpa,Cercine,38.131510,13.354280,12,48,0.4,0.8,B,APL.026S,,,,,,,,,,,,,,,Potatura ars topiaria base 20-30m²,cad,€575.20,Notarbartolo - Giardino Inglese,Libertà,VIII,,,sempreverde,14365.24,14658.41,14365.24,13925.49,img/albero.png
ALB_128,Via Delle Croci,14910,345,01/11/2025,Dott. Roberto Marceddu,015,Ficus microcarpa,Cercine,38.131533,13.354349,12,56,0.4,0.8,B,APL.026S,,,,,,,,,,,,,,,Potatura ars topiaria base 20-30m²,cad,€575.20,Notarbartolo - Giardino Inglese,Libertà,VIII,,,sempreverde,17552.69,17910.91,17552.69,17015.36,img/albero.png
ALB_129,Via Delle Croci,14910,345,01/11/2025,Dott. Roberto Marceddu,016,Ficus microcarpa,Cercine,38.131567,13.354430,12,49,0.4,0.6,C,APL.026S,,,,,,,,,,,,,,,Potatura ars topiaria base 20-30m²,cad,€575.20,Notarbartolo - Giardino Inglese,Libertà,VIII,,,sempreverde,12151.60,12399.59,12151.60,11779.61,img/albero.png
ALB_130,Via Delle Croci,14910,345,01/11/2025,Dott. Roberto Marceddu,017,Ficus microcarpa,Cercine,38.131595,13.354517,12,38,0.4,0.5,C/D,APL.026S,ricontrollo post-intervento,,,,,,,,,,,,,,Potatura ars topiaria base 20-30m²,cad,€575.20,Notarbartolo - Giardino Inglese,Libertà,VIII,,,sempreverde,3742.14,3818.51,3742.14,3627.59,img/albero.png
ALB_131,Via Delle Croci,14910,345,01/11/2025,Dott. Roberto Marceddu,018,Ficus microcarpa,Cercine,38.131631,13.354606,12,49,0.4,,B,APL.026S,Cercine esaurito a contatto col colletto; assente distanza di rispetto tra tronco e marciapiede,,,,,,,,,,,,,,Potatura ars topiaria base 20-30m²,cad,€575.20,Notarbartolo - Giardino Inglese,Libertà,VIII,,,sempreverde,14755.51,15056.64,14755.51,14303.81,img/albero.png
ALB_132,Via Delle Croci,14910,345,01/11/2025,Dott. Roberto Marceddu,019,Ficus microcarpa,Cercine,38.131695,13.354761,12,45,0.4,,B,APL.026S,Cercine esaurito a contatto col colletto; assente distanza di rispetto tra tronco e marciapiede,,,,,,,,,,,,,,Potatura ars topiaria base 20-30m²,cad,€575.20,Notarbartolo - Giardino Inglese,Libertà,VIII,,,sempreverde,13209.17,13478.75,13209.17,12804.81,img/albero.png
ALB_133,Via Delle Croci,14910,345,01/11/2025,Dott. Roberto Marceddu,020,Ficus microcarpa,Cercine,38.131739,13.354881,12,42,0.4,0.2,C,APL.026S,,,,,,,,,,,,,,,Potatura ars topiaria base 20-30m²,cad,€575.20,Notarbartolo - Giardino Inglese,Libertà,VIII,,,sempreverde,9944.95,10147.91,9944.95,9640.51,img/albero.png
ALB_134,Via Delle Croci,14910,345,01/11/2025,Dott. Roberto Marceddu,021,Ficus microcarpa,Cercine,38.131767,13.354971,12,65,0.4,,C,APL.026S,Cercine esaurito a contatto col colletto; assente distanza di rispetto tra tronco e marciapiede,,,,,,,,,,,,,,Potatura ars topiaria base 20-30m²,cad,€575.20,Notarbartolo - Giardino Inglese,Libertà,VIII,,,sempreverde,17545.50,17903.57,17545.50,17008.39,img/albero.png
ALB_135,Via Delle Croci,14910,345,01/11/2025,Dott. Roberto Marceddu,022,Ficus microcarpa,Cercine,38.131847,13.355116,12,72,0.4,,B,APL.026S,Cercine esaurito a contatto col colletto; assente distanza di rispetto tra tronco e marciapiede,,,,,,,,,,,,,,Potatura ars topiaria base 20-30m²,cad,€575.20,Notarbartolo - Giardino Inglese,Libertà,VIII,,,sempreverde,24335.01,24831.64,24335.01,23590.06,img/albero.png
ALB_136,Via Delle Croci,14910,345,01/11/2025,Dott. Roberto Marceddu,023,Ficus microcarpa,Cercine,38.131881,13.355229,12,58,0.2,,C,APL.026S,Cercine esaurito a contatto col colletto; assente distanza di rispetto tra tronco e marciapiede,,,,,,,,,,,,,,Potatura ars topiaria base 20-30m²,cad,€575.20,Notarbartolo - Giardino Inglese,Libertà,VIII,,,sempreverde,15129.86,15438.63,15129.86,14666.70,img/albero.png
ALB_137,Via Delle Croci,14910,345,01/11/2025,Dott. Roberto Marceddu,024,Ficus microcarpa,Cercine,38.132101,13.355895,12,47,0.4,0.5,B,APL.026S,,,,,,,,,,,,,,,Potatura ars topiaria base 20-30m²,cad,€575.20,Notarbartolo - Giardino Inglese,Libertà,VIII,,,sempreverde,13977.40,14262.66,13977.40,13549.52,img/albero.png
ALB_138,Via Delle Croci,14910,345,01/11/2025,Dott. Roberto Marceddu,025,Ficus microcarpa,Cercine,38.132065,13.355814,12,37,0.4,0.5,B,APL.026S,,,,,,,,,,,,,,,Potatura ars topiaria base 20-30m²,cad,€575.20,Notarbartolo - Giardino Inglese,Libertà,VIII,,,sempreverde,10241.45,10450.46,10241.45,9927.94,img/albero.png
ALB_139,Via Delle Croci,14910,345,01/11/2025,Dott. Roberto Marceddu,026,Ficus microcarpa,Cercine,38.131999,13.355648,12,49,0.4,0.5,B,APL.026S,,,,,,,,,,,,,,,Potatura ars topiaria base 20-30m²,cad,€575.20,Notarbartolo - Giardino Inglese,Libertà,VIII,,,sempreverde,14755.51,15056.64,14755.51,14303.81,img/albero.png
ALB_140,Via Delle Croci,14910,345,01/11/2025,Dott. Roberto Marceddu,027,Ficus microcarpa,Cercine,38.131964,13.355569,12,45,0.4,0.5,C/D,APL.026S,ricontrollo post-intervento,,,,,,,,,,,,,,Potatura ars topiaria base 20-30m²,cad,€575.20,Notarbartolo - Giardino Inglese,Libertà,VIII,,,sempreverde,4662.06,4757.20,4662.06,4519.34,img/albero.png
ALB_141,Via Delle Croci,14910,345,01/11/2025,Dott. Roberto Marceddu,028,Ficus microcarpa,Cercine,38.131923,13.355472,12,42,0.4,0.4,B,APL.026S,,,,,,,,,,,,,,,Potatura ars topiaria base 20-30m²,cad,€575.20,Notarbartolo - Giardino Inglese,Libertà,VIII,,,sempreverde,12076.01,12322.46,12076.01,11706.33,img/albero.png
ALB_142,Via Delle Croci,14910,345,01/11/2025,Dott. Roberto Marceddu,029,Ficus microcarpa,Cercine,38.131891,13.355394,12,42,0.4,0.4,C/D,APL.026S,ricontrollo post-intervento,,,,,,,,,,,,,,Potatura ars topiaria base 20-30m²,cad,€575.20,Notarbartolo - Giardino Inglese,Libertà,VIII,,,sempreverde,4262.12,4349.10,4262.12,4131.65,img/albero.png
ALB_143,Via Delle Croci,14910,345,01/11/2025,Dott. Roberto Marceddu,030,Ficus microcarpa,Cercine,38.131808,13.355243,12,45,0.4,0.5,B,APL.026S,,,,,,,,,,,,,,,Potatura ars topiaria base 20-30m²,cad,€575.20,Notarbartolo - Giardino Inglese,Libertà,VIII,,,sempreverde,13209.17,13478.75,13209.17,12804.81,img/albero.png
ALB_144,Via Delle Croci,14910,345,01/11/2025,Dott. Roberto Marceddu,031,Ficus microcarpa,Cercine,38.131776,13.355164,12,39,0.4,0.5,B,APL.026S,,,,,,,,,,,,,,,Potatura ars topiaria base 20-30m²,cad,€575.20,Notarbartolo - Giardino Inglese,Libertà,VIII,,,sempreverde,10966.88,11190.70,10966.88,10631.16,img/albero.png
ALB_145,Via Delle Croci,14910,345,01/11/2025,Dott. Roberto Marceddu,032,Ficus microcarpa,Cercine,38.131743,13.355079,12,43,0.4,1,B,APL.026S,,,,,,,,,,,,,,,Potatura ars topiaria base 20-30m²,cad,€575.20,Notarbartolo - Giardino Inglese,Libertà,VIII,,,sempreverde,12451.12,12705.22,12451.12,12069.96,img/albero.png
ALB_146,Via Delle Croci,14910,345,01/11/2025,Dott. Roberto Marceddu,033,Ficus microcarpa,Cercine,38.131717,13.355002,10,45,0.4,0.5,D,APL.018S,Abbattimento e smaltimento a corpo,,SIC24_1.6.2,"Rimozione ceppaie 0,5-1,5 m³",€228.15,,Fornitura e messa a dimora…,Fornitura con posa in opera di una pianta,,,15030034,Pali tutori castagno 2m,€18.89,,Abbattimento chioma espansa h.12-16m,cad,€316.90,Notarbartolo - Giardino Inglese,Libertà,VIII,,,sempreverde,6594.22,6728.80,6594.22,6392.36,img/albero.png
ALB_147,Via Delle Croci,14910,345,01/11/2025,Dott. Roberto Marceddu,034,Ficus microcarpa,Cercine,38.131686,13.354935,12,45,0.4,1,C,APL.026S,,,,,,,,,,,,,,,Potatura ars topiaria base 20-30m²,cad,€575.20,Notarbartolo - Giardino Inglese,Libertà,VIII,,,sempreverde,10878.14,11100.14,10878.14,10545.14,img/albero.png
ALB_148,Via Delle Croci,14910,345,01/11/2025,Dott. Roberto Marceddu,035,Ficus microcarpa,Cercine,38.131654,13.354847,12,41,0.4,1,C,APL.026S,,,,,,,,,,,,,,,Potatura ars topiaria base 20-30m²,cad,€575.20,Notarbartolo - Giardino Inglese,Libertà,VIII,,,sempreverde,9638.23,9834.93,9638.23,9343.19,img/albero.png
ALB_149,Via Delle Croci,14910,345,01/11/2025,Dott. Roberto Marceddu,036,Ficus microcarpa,Cercine,38.131616,13.354743,12,42,0.4,1,D,APL.018S,Abbattimento e smaltimento a corpo,,SIC24_1.6.2,"Rimozione ceppaie 0,5-1,5 m³",€228.15,,Fornitura e messa a dimora…,Fornitura con posa in opera di una pianta,,,15030034,Pali tutori castagno 2m,€18.89,,Abbattimento chioma espansa h.12-16m,cad,€316.90,Notarbartolo - Giardino Inglese,Libertà,VIII,,,sempreverde,7103.53,7248.50,7103.53,6886.08,img/albero.png
ALB_150,Via Delle Croci,14910,345,01/11/2025,Dott. Roberto Marceddu,037,Ficus microcarpa,Cercine,38.131585,13.354671,12,35,0.4,1,D,APL.018S,Abbattimento e smaltimento a corpo,,SIC24_1.6.2,"Rimozione ceppaie 0,5-1,5 m³",€228.15,,Fornitura e messa a dimora…,Fornitura con posa in opera di una pianta,,,15030034,Pali tutori castagno 2m,€18.89,,Abbattimento chioma espansa h.12-16m,cad,€316.90,Notarbartolo - Giardino Inglese,Libertà,VIII,,,sempreverde,5604.53,5718.90,5604.53,5432.96,img/albero.png
ALB_151,Via Delle Croci,14910,345,01/11/2025,Dott. Roberto Marceddu,038,Ficus microcarpa,Cercine,38.131559,13.354608,12,38,0.4,1,B,APL.026S,,,,,,,,,,,,,,,Potatura ars topiaria base 20-30m²,cad,€575.20,Notarbartolo - Giardino Inglese,Libertà,VIII,,,sempreverde,10602.74,10819.12,10602.74,10278.16,img/albero.png
ALB_152,Via Delle Croci,14910,345,01/11/2025,Dott. Roberto Marceddu,039,Ficus microcarpa,Cercine,38.131529,13.354519,12,40,0.4,1,D,APL.018S,Abbattimento e smaltimento a corpo,,SIC24_1.6.2,"Rimozione ceppaie 0,5-1,5 m³",€228.15,,Fornitura e messa a dimora…,Fornitura con posa in opera di una pianta,,,15030034,Pali tutori castagno 2m,€18.89,,Abbattimento chioma espansa h.12-16m,cad,€316.90,Notarbartolo - Giardino Inglese,Libertà,VIII,,,sempreverde,6666.97,6803.03,6666.97,6462.88,img/albero.png
ALB_153,Via Delle Croci,14910,345,01/11/2025,Dott. Roberto Marceddu,040,Ficus microcarpa,Cercine,38.131477,13.354405,12,40,0.4,0.8,C,APL.026S,,,,,,,,,,,,,,,Potatura ars topiaria base 20-30m²,cad,€575.20,Notarbartolo - Giardino Inglese,Libertà,VIII,,,sempreverde,9333.75,9524.24,9333.75,9048.03,img/albero.png
ALB_154,Via Delle Croci,14910,345,01/11/2025,Dott. Roberto Marceddu,041,Ficus microcarpa,Cercine,38.131446,13.354323,12,48,0.4,1,C/D,APL.026S,ricontrollo post-intervento,,,,,,,,,,,,,,Potatura ars topiaria base 20-30m²,cad,€575.20,Notarbartolo - Giardino Inglese,Libertà,VIII,,,sempreverde,5070.08,5173.56,5070.08,4914.88,img/albero.png
ALB_155,Via Delle Croci,14910,345,01/11/2025,Dott. Roberto Marceddu,042,Ficus microcarpa,Cercine,38.131376,13.354105,12,39,0.4,0.4,C,APL.026S,,,,,,,,,,,,,,,Potatura ars topiaria base 20-30m²,cad,€575.20,Notarbartolo - Giardino Inglese,Libertà,VIII,,,sempreverde,9031.55,9215.87,9031.55,8755.08,img/albero.png
ALB_156,Via Delle Croci,14910,345,01/11/2025,Dott. Roberto Marceddu,043,Ficus microcarpa,Cercine,38.131347,13.354029,12,43,0.4,0.4,C,APL.026S,,,,,,,,,,,,,,,Potatura ars topiaria base 20-30m²,cad,€575.20,Notarbartolo - Giardino Inglese,Libertà,VIII,,,sempreverde,10253.86,10463.12,10253.86,9939.97,img/albero.png
ALB_157,Via Delle Croci,14910,345,01/11/2025,Dott. Roberto Marceddu,044,Ficus microcarpa,Cercine,38.131318,13.353958,12,47,0.5,0.5,C,APL.026S,,,,,,,,,,,,,,,Potatura ars topiaria base 20-30m²,cad,€575.20,Notarbartolo - Giardino Inglese,Libertà,VIII,,,sempreverde,11510.80,11745.72,11510.80,11158.43,img/albero.png
ALB_158,Via Delle Croci,14910,345,01/11/2025,Dott. Roberto Marceddu,045,Ficus microcarpa,Cercine,38.131281,13.353871,12,42,0.4,0.2,B,APL.026S,,,,,,,,,,,,,,,Potatura ars topiaria base 20-30m²,cad,€575.20,Notarbartolo - Giardino Inglese,Libertà,VIII,,,sempreverde,12076.01,12322.46,12076.01,11706.33,img/albero.png
ALB_159,Via Delle Croci,14910,345,01/11/2025,Dott. Roberto Marceddu,046,Ficus microcarpa,Cercine,38.131240,13.353771,12,41,0.4,0.4,C,APL.026S,,,,,,,,,,,,,,,Potatura ars topiaria base 20-30m²,cad,€575.20,Notarbartolo - Giardino Inglese,Libertà,VIII,,,sempreverde,9638.23,9834.93,9638.23,9343.19,img/albero.png
ALB_160,Via Delle Croci,14910,345,01/11/2025,Dott. Roberto Marceddu,047,Ficus microcarpa,Cercine,38.131185,13.353646,12,35,0.4,0.5,B,APL.026S,,,,,,,,,,,,,,,Potatura ars topiaria base 20-30m²,cad,€575.20,Notarbartolo - Giardino Inglese,Libertà,VIII,,,sempreverde,9527.69,9722.14,9527.69,9236.03,img/albero.png
ALB_161,Via Delle Croci,14910,345,01/11/2025,Dott. Roberto Marceddu,048,Ficus microcarpa,Cercine,38.131136,13.353536,12,59,0.4,,B,APL.026S,Cercine esaurito a contatto col colletto; assente distanza di rispetto tra tronco e marciapiede,,,,,,,,,,,,,,Potatura ars topiaria base 20-30m²,cad,€575.20,Notarbartolo - Giardino Inglese,Libertà,VIII,,,sempreverde,18784.81,19168.18,18784.81,18209.77,img/albero.png
ALB_162,Via Delle Croci,14910,345,01/11/2025,Dott. Roberto Marceddu,049,Ficus microcarpa,Cercine,38.131001,13.353256,12,35,0.5,,B,APL.026S,Cercine esaurito a contatto col colletto; assente distanza di rispetto tra tronco e marciapiede,,,,,,,,,,,,,,Potatura ars topiaria base 20-30m²,cad,€575.20,Notarbartolo - Giardino Inglese,Libertà,VIII,,,sempreverde,9527.69,9722.14,9527.69,9236.03,img/albero.png
ALB_163,Via Delle Croci,14910,345,01/11/2025,Dott. Roberto Marceddu,050,Ficus microcarpa,Cercine,38.130957,13.353151,12,38,0.4,0.4,B,APL.026S,,,,,,,,,,,,,,,Potatura ars topiaria base 20-30m²,cad,€575.20,Notarbartolo - Giardino Inglese,Libertà,VIII,,,sempreverde,10602.74,10819.12,10602.74,10278.16,img/albero.png
ALB_164,Via Delle Croci,14910,345,01/11/2025,Dott. Roberto Marceddu,051,Ficus microcarpa,Cercine,38.130925,13.353064,12,37,0.4,0.4,B,APL.026S,,,,,,,,,,,,,,,Potatura ars topiaria base 20-30m²,cad,€575.20,Notarbartolo - Giardino Inglese,Libertà,VIII,,,sempreverde,10241.45,10450.46,10241.45,9927.94,img/albero.png
ALB_165,Via Delle Croci,14910,345,01/11/2025,Dott. Roberto Marceddu,052,Ficus microcarpa,Cercine,38.130899,13.352998,12,35,0.4,0.4,B,APL.026S,,,,,,,,,,,,,,,Potatura ars topiaria base 20-30m²,cad,€575.20,Notarbartolo - Giardino Inglese,Libertà,VIII,,,sempreverde,9527.69,9722.14,9527.69,9236.03,img/albero.png
ALB_166,Via Scoto Michele,47450,357,12/12/1025,Dott. Roberto Marceddu,001,Ficus microcarpa,Aiuola pedonale,38.115358,13.333469,12,69,3.6,2.2,B,APL.026S,,,,,,,,,,,,,,,Potatura ars topiaria base 20-30m²,cad,€575.20,Zisa - 4 Camere,Zisa,V,,,sempreverde,23025.18,23495.09,23025.18,22320.33,img/albero.png
ALB_167,Via Scoto Michele,47450,357,12/12/1025,Dott. Roberto Marceddu,002,Ficus microcarpa,Aiuola pedonale,38.115298,13.333492,12,64,3.6,2.2,B,APL.026S,,,,,,,,,,,,,,,Potatura ars topiaria base 20-30m²,cad,€575.20,Zisa - 4 Camere,Zisa,V,,,sempreverde,20880.13,21306.26,20880.13,20240.95,img/albero.png
ALB_168,Via Scoto Michele,47450,357,12/12/1025,Dott. Roberto Marceddu,003,Ficus microcarpa,Aiuola pedonale,38.115238,13.333504,12,62,3.6,2.2,B,APL.026S,,,,,,,,,,,,,,,Potatura ars topiaria base 20-30m²,cad,€575.20,Zisa - 4 Camere,Zisa,V,,,sempreverde,20035.88,20444.78,20035.88,19422.54,img/albero.png
ALB_169,Via Scoto Michele,47450,357,12/12/1025,Dott. Roberto Marceddu,004,Ficus microcarpa,Aiuola pedonale,38.115183,13.333520,12,58,3.6,2.2,B,APL.026S,,,,,,,,,,,,,,,Potatura ars topiaria base 20-30m²,cad,€575.20,Zisa - 4 Camere,Zisa,V,,,sempreverde,18371.97,18746.91,18371.97,17809.56,img/albero.png
ALB_170,Via Scoto Michele,47450,357,12/12/1025,Dott. Roberto Marceddu,005,Ficus microcarpa,Aiuola pedonale,38.115132,13.333533,12,62,3.6,2.2,B,APL.026S,,,,,,,,,,,,,,,Potatura ars topiaria base 20-30m²,cad,€575.20,Zisa - 4 Camere,Zisa,V,,,sempreverde,20035.88,20444.78,20035.88,19422.54,img/albero.png
ALB_171,Via Scoto Michele,47450,357,12/12/1025,Dott. Roberto Marceddu,006,Ficus microcarpa,Aiuola pedonale,38.115078,13.333549,12,65,3.6,2.2,B,APL.026S,,,,,,,,,,,,,,,Potatura ars topiaria base 20-30m²,cad,€575.20,Zisa - 4 Camere,Zisa,V,,,sempreverde,21305.25,21740.05,21305.25,20653.05,img/albero.png
ALB_172,Via Scoto Michele,47450,357,12/12/1025,Dott. Roberto Marceddu,007,Ficus microcarpa,Aiuola pedonale,38.115027,13.333567,12,58,3.6,2.2,B,APL.026S,,,,,,,,,,,,,,,Potatura ars topiaria base 20-30m²,cad,€575.20,Zisa - 4 Camere,Zisa,V,,,sempreverde,18371.97,18746.91,18371.97,17809.56,img/albero.png
ALB_173,Via Scoto Michele,47450,357,12/12/1025,Dott. Roberto Marceddu,008,Ficus microcarpa,Aiuola pedonale,38.114974,13.333581,12,72,3.6,2.2,B,APL.026S,,,,,,,,,,,,,,,Potatura ars topiaria base 20-30m²,cad,€575.20,Zisa - 4 Camere,Zisa,V,,,sempreverde,24335.01,24831.64,24335.01,23590.06,img/albero.png
ALB_174,Via Scoto Michele,47450,357,12/12/1025,Dott. Roberto Marceddu,009,Ficus microcarpa,Aiuola pedonale,38.114925,13.333602,12,65,3.6,2.2,B,APL.026S,,,,,,,,,,,,,,,Potatura ars topiaria base 20-30m²,cad,€575.20,Zisa - 4 Camere,Zisa,V,,,sempreverde,21305.25,21740.05,21305.25,20653.05,img/albero.png
ALB_175,Via Scoto Michele,47450,357,12/12/1025,Dott. Roberto Marceddu,010,Ficus microcarpa,Aiuola pedonale,38.114869,13.333619,12,70,3.6,2.2,B,APL.026S,,,,,,,,,,,,,,,Potatura ars topiaria base 20-30m²,cad,€575.20,Zisa - 4 Camere,Zisa,V,,,sempreverde,23459.93,23938.71,23459.93,22741.77,img/albero.png
ALB_176,Via Scoto Michele,47450,357,12/12/1025,Dott. Roberto Marceddu,011,Ficus microcarpa,Aiuola pedonale,38.114769,13.333638,12,49,3.6,2.2,B,APL.026S,,,,,,,,,,,,,,,Potatura ars topiaria base 20-30m²,cad,€575.20,Zisa - 4 Camere,Zisa,V,,,sempreverde,14755.51,15056.64,14755.51,14303.81,img/albero.png
ALB_177,Via Scoto Michele,47450,357,12/12/1025,Dott. Roberto Marceddu,012,Ficus microcarpa,Aiuola pedonale,38.114717,13.333647,12,45,3.6,2.2,B,APL.026S,,,,,,,,,,,,,,,Potatura ars topiaria base 20-30m²,cad,€575.20,Zisa - 4 Camere,Zisa,V,,,sempreverde,13209.17,13478.75,13209.17,12804.81,img/albero.png
ALB_178,Via Scoto Michele,47450,357,12/12/1025,Dott. Roberto Marceddu,013,Ficus microcarpa,Aiuola pedonale,38.114653,13.333664,12,51,3.6,2.2,B,APL.026S,,,,,,,,,,,,,,,Potatura ars topiaria base 20-30m²,cad,€575.20,Zisa - 4 Camere,Zisa,V,,,sempreverde,15543.20,15860.41,15543.20,15067.39,img/albero.png
ALB_179,Via Scoto Michele,47450,357,12/12/1025,Dott. Roberto Marceddu,014,Ficus microcarpa,Aiuola pedonale,38.114583,13.333685,12,54,3.6,2.2,B,APL.026S,,,,,,,,,,,,,,,Potatura ars topiaria base 20-30m²,cad,€575.20,Zisa - 4 Camere,Zisa,V,,,sempreverde,16742.15,17083.82,16742.15,16229.63,img/albero.png
ALB_180,Via Scoto Michele,47450,357,12/12/1025,Dott. Roberto Marceddu,015,Ficus microcarpa,Aiuola pedonale,38.114516,13.333710,12,45,3.6,2.2,B,APL.026S,,,,,,,,,,,,,,,Potatura ars topiaria base 20-30m²,cad,€575.20,Zisa - 4 Camere,Zisa,V,,,sempreverde,13209.17,13478.75,13209.17,12804.81,img/albero.png
ALB_181,Via Scoto Michele,47450,357,12/12/1025,Dott. Roberto Marceddu,016,Ficus microcarpa,Aiuola pedonale,38.114438,13.333740,12,56,3.6,2.2,B,APL.026S,,,,,,,,,,,,,,,Potatura ars topiaria base 20-30m²,cad,€575.20,Zisa - 4 Camere,Zisa,V,,,sempreverde,17552.69,17910.91,17552.69,17015.36,img/albero.png
ALB_182,Via Scoto Michele,47450,357,12/12/1025,Dott. Roberto Marceddu,017,Ficus microcarpa,Aiuola pedonale,38.114371,13.333755,12,58,3.6,2.2,B,APL.026S,,,,,,,,,,,,,,,Potatura ars topiaria base 20-30m²,cad,€575.20,Zisa - 4 Camere,Zisa,V,,,sempreverde,18371.97,18746.91,18371.97,17809.56,img/albero.png
ALB_183,Via Scoto Michele,47450,357,12/12/1025,Dott. Roberto Marceddu,018,Ficus microcarpa,Aiuola pedonale,38.114287,13.333779,12,42,3.6,2.2,B,APL.026S,,,,,,,,,,,,,,,Potatura ars topiaria base 20-30m²,cad,€575.20,Zisa - 4 Camere,Zisa,V,,,sempreverde,12076.01,12322.46,12076.01,11706.33,img/albero.png
ALB_184,Via Scoto Michele,47450,357,12/12/1025,Dott. Roberto Marceddu,019,Ficus microcarpa,Aiuola pedonale,38.114215,13.333803,12,42,3.6,2.2,B,APL.026S,,,,,,,,,,,,,,,Potatura ars topiaria base 20-30m²,cad,€575.20,Zisa - 4 Camere,Zisa,V,,,sempreverde,12076.01,12322.46,12076.01,11706.33,img/albero.png
ALB_185,Via Scoto Michele,47450,357,12/12/1025,Dott. Roberto Marceddu,020,Ficus microcarpa,Aiuola pedonale,38.114150,13.333814,12,45,3.6,2.2,B,APL.026S,,,,,,,,,,,,,,,Potatura ars topiaria base 20-30m²,cad,€575.20,Zisa - 4 Camere,Zisa,V,,,sempreverde,13209.17,13478.75,13209.17,12804.81,img/albero.png
ALB_186,Via Scoto Michele,47450,357,12/12/1025,Dott. Roberto Marceddu,021,Ficus microcarpa,Aiuola pedonale,38.114044,13.333850,12,47,3.6,2.2,D,APL.018S,Abbattimento e smaltimento a corpo,,SIC24_1.6.2,"Rimozione ceppaie 0,5-1,5 m³",€228.15,,,,,,,forn. pali tutori cod. 15030034,,,Abbattimento chioma espansa h.12-16m,cad,€316.90,Zisa - 4 Camere,Zisa,V,,,sempreverde,8222.00,8389.80,8222.00,7970.31,img/albero.png
ALB_187,Via Scoto Michele,47450,357,12/12/1025,Dott. Roberto Marceddu,022,Ficus microcarpa,Aiuola pedonale,38.114000,13.333857,12,58,3.6,2.2,C,APL.026S,,,,,,,,,,,,,,,Potatura ars topiaria base 20-30m²,cad,€575.20,Zisa - 4 Camere,Zisa,V,,,sempreverde,15129.86,15438.63,15129.86,14666.70,img/albero.png
ALB_188,Via Scoto Michele,47450,357,12/12/1025,Dott. Roberto Marceddu,023,Ficus microcarpa,Aiuola pedonale,38.113948,13.333873,12,58,3.6,2.2,B,APL.026S,,,,,,,,,,,,,,,Potatura ars topiaria base 20-30m²,cad,€575.20,Zisa - 4 Camere,Zisa,V,,,sempreverde,18371.97,18746.91,18371.97,17809.56,img/albero.png
ALB_189,Via Scoto Michele,47450,357,12/12/1025,Dott. Roberto Marceddu,024,Ficus microcarpa,Aiuola pedonale,38.113886,13.333891,12,50,3.6,2.2,B,APL.026S,,,,,,,,,,,,,,,Potatura ars topiaria base 20-30m²,cad,€575.20,Zisa - 4 Camere,Zisa,V,,,sempreverde,15148.17,15457.32,15148.17,14684.45,img/albero.png
ALB_190,Via Scoto Michele,47450,357,12/12/1025,Dott. Roberto Marceddu,025,Ficus microcarpa,Aiuola pedonale,38.113829,13.333908,12,61,3.6,2.2,B,APL.026S,,,,,,,,,,,,,,,Potatura ars topiaria base 20-30m²,cad,€575.20,Zisa - 4 Camere,Zisa,V,,,sempreverde,19616.80,20017.14,19616.80,19016.28,img/albero.png
ALB_191,Via Scoto Michele,47450,357,12/12/1025,Dott. Roberto Marceddu,026,Ficus microcarpa,Aiuola pedonale,38.113772,13.333924,12,43,3.6,2.2,B,APL.026S,,,,,,,,,,,,,,,Potatura ars topiaria base 20-30m²,cad,€575.20,Zisa - 4 Camere,Zisa,V,,,sempreverde,12451.12,12705.22,12451.12,12069.96,img/albero.png
ALB_192,Via Scoto Michele,47450,357,12/12/1025,Dott. Roberto Marceddu,027,Ficus microcarpa,Aiuola pedonale,38.113713,13.333944,12,45,3.6,2.2,B,APL.026S,,,,,,,,,,,,,,,Potatura ars topiaria base 20-30m²,cad,€575.20,Zisa - 4 Camere,Zisa,V,,,sempreverde,13209.17,13478.75,13209.17,12804.81,img/albero.png
ALB_193,Via Scoto Michele,47450,357,12/12/1025,Dott. Roberto Marceddu,028,Ficus microcarpa,Aiuola pedonale,38.113653,13.333955,12,43,3.6,2.2,B,APL.026S,,,,,,,,,,,,,,,Potatura ars topiaria base 20-30m²,cad,€575.20,Zisa - 4 Camere,Zisa,V,,,sempreverde,12451.12,12705.22,12451.12,12069.96,img/albero.png
ALB_194,Viale Dei Picciotti - A,35410,979,13/12/1025,Dott. Roberto Marceddu,001,Ficus microcarpa,Cercine,38.108079,13.377366,12,42,0.5,0.2,B,APL.026S,,,,,,,,,,,,,,,Potatura ars topiaria base 20-30m²,cad,€575.20,Settecannoli,Settecannoli,II,,,sempreverde,12076.01,12322.46,12076.01,11706.33,img/albero.png
ALB_195,Viale Dei Picciotti - A,35410,979,13/12/1025,Dott. Roberto Marceddu,002,Ficus microcarpa,Cercine,38.108045,13.377424,12,45,0.5,0.2,B,APL.026S,,,,,,,,,,,,,,,Potatura ars topiaria base 20-30m²,cad,€575.20,Settecannoli,Settecannoli,II,,,sempreverde,13209.17,13478.75,13209.17,12804.81,img/albero.png
ALB_196,Viale Dei Picciotti - A,35410,979,13/12/1025,Dott. Roberto Marceddu,003,Ficus microcarpa,Cercine,38.108017,13.377473,12,47,0.5,0.2,C,APL.026S,,,,,,,,,,,,,,,Potatura ars topiaria base 20-30m²,cad,€575.20,Settecannoli,Settecannoli,II,,,sempreverde,11510.80,11745.72,11510.80,11158.43,img/albero.png
ALB_197,Viale Dei Picciotti - A,35410,979,13/12/1025,Dott. Roberto Marceddu,004,Ficus microcarpa,Cercine,38.107989,13.377526,12,53,0.5,0.2,B,APL.026S,,,,,,,,,,,,,,,Potatura ars topiaria base 20-30m²,cad,€575.20,Settecannoli,Settecannoli,II,,,sempreverde,16340.22,16673.69,16340.22,15840.01,img/albero.png
ALB_198,Viale Dei Picciotti - A,35410,979,13/12/1025,Dott. Roberto Marceddu,005,Ficus microcarpa,Cercine,38.107952,13.377593,12,50,0.5,0.2,B,APL.026S,,,,,,,,,,,,,,,Potatura ars topiaria base 20-30m²,cad,€575.20,Settecannoli,Settecannoli,II,,,sempreverde,15148.17,15457.32,15148.17,14684.45,img/albero.png
ALB_199,Viale Dei Picciotti - A,35410,979,13/12/1025,Dott. Roberto Marceddu,006,Ficus microcarpa,Cercine,38.107925,13.377651,12,56,0.5,0.2,B,APL.026S,,,,,,,,,,,,,,,Potatura ars topiaria base 20-30m²,cad,€575.20,Settecannoli,Settecannoli,II,,,sempreverde,17552.69,17910.91,17552.69,17015.36,img/albero.png
ALB_200,Viale Dei Picciotti - A,35410,979,13/12/1025,Dott. Roberto Marceddu,007,Ficus microcarpa,Cercine,38.108017,13.377204,12,52,0.5,0.2,C,APL.026S,,,,,,,,,,,,,,,Potatura ars topiaria base 20-30m²,cad,€575.20,Settecannoli,Settecannoli,II,,,sempreverde,13127.52,13395.43,13127.52,12725.66,img/albero.png
ALB_201,Viale Dei Picciotti - A,35410,979,13/12/1025,Dott. Roberto Marceddu,008,Ficus microcarpa,Cercine,38.107978,13.377268,12,48,0.5,0.2,C,APL.026S,,,,,,,,,,,,,,,Potatura ars topiaria base 20-30m²,cad,€575.20,Settecannoli,Settecannoli,II,,,sempreverde,11830.20,12071.63,11830.20,11468.05,img/albero.png
ALB_202,Viale Dei Picciotti - A,35410,979,13/12/1025,Dott. Roberto Marceddu,009,Ficus microcarpa,Cercine,38.107943,13.377329,12,60,0.5,0.2,B,APL.026S,,,,,,,,,,,,,,,Potatura ars topiaria base 20-30m²,cad,€575.20,Settecannoli,Settecannoli,II,,,sempreverde,19199.77,19591.60,19199.77,18612.02,img/albero.png
ALB_203,Viale Dei Picciotti - A,35410,979,13/12/1025,Dott. Roberto Marceddu,010,Ficus microcarpa,Cercine,38.107908,13.377397,12,58,0.5,0.2,B,APL.026S,,,,,,,,,,,,,,,Potatura ars topiaria base 20-30m²,cad,€575.20,Settecannoli,Settecannoli,II,,,sempreverde,18371.97,18746.91,18371.97,17809.56,img/albero.png
ALB_204,Viale Dei Picciotti - A,35410,979,13/12/1025,Dott. Roberto Marceddu,011,Ficus microcarpa,Cercine,38.107874,13.377464,12,63,0.5,0.2,B,APL.026S,,,,,,,,,,,,,,,Potatura ars topiaria base 20-30m²,cad,€575.20,Settecannoli,Settecannoli,II,,,sempreverde,20457.00,20874.49,20457.00,19830.77,img/albero.png
ALB_205,Viale Dei Picciotti - A,35410,979,13/12/1025,Dott. Roberto Marceddu,012,Ficus microcarpa,Cercine,38.107815,13.377567,12,71,0.5,0.2,C,APL.026S,,,,,,,,,,,,,,,Potatura ars topiaria base 20-30m²,cad,€575.20,Settecannoli,Settecannoli,II,,,sempreverde,19679.51,20081.13,19679.51,19077.08,img/albero.png
ALB_206,Viale Dei Picciotti - A,35410,979,13/12/1025,Dott. Roberto Marceddu,013,Ficus microcarpa,Cercine,38.107676,13.377804,12,66,0.5,0.2,B,APL.026S,,,,,,,,,,,,,,,Potatura ars topiaria base 20-30m²,cad,€575.20,Settecannoli,Settecannoli,II,,,sempreverde,21732.34,22175.85,21732.34,21067.06,img/albero.png
ALB_207,Viale Dei Picciotti - A,35410,979,13/12/1025,Dott. Roberto Marceddu,014,Ficus microcarpa,Cercine,38.107581,13.377974,12,60,0.5,0.2,B,APL.026S,,,,,,,,,,,,,,,Potatura ars topiaria base 20-30m²,cad,€575.20,Settecannoli,Settecannoli,II,,,sempreverde,19199.77,19591.60,19199.77,18612.02,img/albero.png
ALB_208,Viale Dei Picciotti - A,35410,979,13/12/1025,Dott. Roberto Marceddu,015,Ficus microcarpa,Cercine,38.107514,13.378090,12,39,0.5,0.2,B,APL.026S,,,,,,,,,,,,,,,Potatura ars topiaria base 20-30m²,cad,€575.20,Settecannoli,Settecannoli,II,,,sempreverde,10966.88,11190.70,10966.88,10631.16,img/albero.png
ALB_209,Viale Dei Picciotti - A,35410,979,13/12/1025,Dott. Roberto Marceddu,016,Ficus microcarpa,Cercine,38.107456,13.378197,12,41,0.5,0.2,B,APL.026S,,,,,,,,,,,,,,,Potatura ars topiaria base 20-30m²,cad,€575.20,Settecannoli,Settecannoli,II,,,sempreverde,11703.57,11942.42,11703.57,11345.30,img/albero.png
ALB_210,Viale Dei Picciotti - A,35410,979,13/12/1025,Dott. Roberto Marceddu,017,Ficus microcarpa,Cercine,38.107408,13.378295,12,44,0.5,0.2,B,APL.026S,,,,,,,,,,,,,,,Potatura ars topiaria base 20-30m²,cad,€575.20,Settecannoli,Settecannoli,II,,,sempreverde,12828.85,13090.66,12828.85,12436.13,img/albero.png
ALB_211,Viale Dei Picciotti - A,35410,979,13/12/1025,Dott. Roberto Marceddu,018,Ficus microcarpa,Cercine,38.107350,13.378372,12,37,0.5,0.2,B,APL.026S,,,,,,,,,,,,,,,Potatura ars topiaria base 20-30m²,cad,€575.20,Settecannoli,Settecannoli,II,,,sempreverde,10241.45,10450.46,10241.45,9927.94,img/albero.png
ALB_212,Viale Dei Picciotti - A,35410,979,13/12/1025,Dott. Roberto Marceddu,019,Ficus microcarpa,Cercine,38.107248,13.378560,12,38,0.5,0.2,B,APL.026S,,,,,,,,,,,,,,,Potatura ars topiaria base 20-30m²,cad,€575.20,Settecannoli,Settecannoli,II,,,sempreverde,10602.74,10819.12,10602.74,10278.16,img/albero.png
ALB_213,Viale Dei Picciotti - A,35410,979,13/12/1025,Dott. Roberto Marceddu,020,Ficus microcarpa,Cercine,38.107195,13.378647,12,47,0.5,0.2,B,APL.026S,,,,,,,,,,,,,,,Potatura ars topiaria base 20-30m²,cad,€575.20,Settecannoli,Settecannoli,II,,,sempreverde,13977.40,14262.66,13977.40,13549.52,img/albero.png
ALB_214,Viale Dei Picciotti - A,35410,979,13/12/1025,Dott. Roberto Marceddu,021,Ficus microcarpa,Cercine,38.106184,13.380685,12,35,0.5,0.2,B,APL.026S,,,,,,,,,,,,,,,Potatura ars topiaria base 20-30m²,cad,€575.20,Settecannoli,Settecannoli,II,,,sempreverde,9527.69,9722.14,9527.69,9236.03,img/albero.png
ALB_215,Viale Dei Picciotti - A,35410,979,13/12/1025,Dott. Roberto Marceddu,022,Ficus microcarpa,Cercine,38.106130,13.380783,12,47,0.5,0.2,B,APL.026S,,,,,,,,,,,,,,,Potatura ars topiaria base 20-30m²,cad,€575.20,Settecannoli,Settecannoli,II,,,sempreverde,13977.40,14262.66,13977.40,13549.52,img/albero.png
ALB_216,Viale Dei Picciotti - A,35410,979,13/12/1025,Dott. Roberto Marceddu,023,Ficus microcarpa,Cercine,38.106088,13.380857,12,36,0.5,0.2,C/D,APL.026S,Ricontrollo post-intervento,,,,,,,,,,,,,,Potatura ars topiaria base 20-30m²,cad,€575.20,Settecannoli,Settecannoli,II,,,sempreverde,3488.15,3559.33,3488.15,3381.37,img/albero.png
ALB_217,Viale Dei Picciotti - A,35410,979,13/12/1025,Dott. Roberto Marceddu,024,Ficus microcarpa,Cercine,38.106041,13.380931,12,40,0.5,0.2,C/D,APL.026S,Ricontrollo post-intervento,,,,,,,,,,,,,,Potatura ars topiaria base 20-30m²,cad,€575.20,Settecannoli,Settecannoli,II,,,sempreverde,4000.18,4081.82,4000.18,3877.73,img/albero.png
ALB_218,Viale Dei Picciotti - A,35410,979,13/12/1025,Dott. Roberto Marceddu,025,Ficus microcarpa,Cercine,38.105990,13.381021,12,47,0.5,0.2,C,APL.026S,,,,,,,,,,,,,,,Potatura ars topiaria base 20-30m²,cad,€575.20,Settecannoli,Settecannoli,II,,,sempreverde,11510.80,11745.72,11510.80,11158.43,img/albero.png
ALB_219,Viale Dei Picciotti - A,35410,979,13/12/1025,Dott. Roberto Marceddu,026,Ficus microcarpa,Cercine,38.105942,13.381111,12,38,0.5,0.2,B,APL.026S,,,,,,,,,,,,,,,Potatura ars topiaria base 20-30m²,cad,€575.20,Settecannoli,Settecannoli,II,,,sempreverde,10602.74,10819.12,10602.74,10278.16,img/albero.png
ALB_220,Viale Dei Picciotti - A,35410,979,13/12/1025,Dott. Roberto Marceddu,027,Ficus microcarpa,Cercine,38.105805,13.381342,12,42,0.5,0.2,B,APL.026S,,,,,,,,,,,,,,,Potatura ars topiaria base 20-30m²,cad,€575.20,Settecannoli,Settecannoli,II,,,sempreverde,12076.01,12322.46,12076.01,11706.33,img/albero.png
ALB_221,Viale Dei Picciotti - A,35410,979,13/12/1025,Dott. Roberto Marceddu,028,Ficus microcarpa,Cercine,38.105757,13.381426,12,45,0.5,0.2,B,APL.026S,,,,,,,,,,,,,,,Potatura ars topiaria base 20-30m²,cad,€575.20,Settecannoli,Settecannoli,II,,,sempreverde,13209.17,13478.75,13209.17,12804.81,img/albero.png
ALB_222,Viale Dei Picciotti - A,35410,979,13/12/1025,Dott. Roberto Marceddu,029,Ficus microcarpa,Cercine,38.105662,13.381579,12,35,0.5,0.2,B,APL.026S,,,,,,,,,,,,,,,Potatura ars topiaria base 20-30m²,cad,€575.20,Settecannoli,Settecannoli,II,,,sempreverde,9527.69,9722.14,9527.69,9236.03,img/albero.png
ALB_223,Viale Dei Picciotti - A,35410,979,13/12/1025,Dott. Roberto Marceddu,030,Ficus microcarpa,Cercine,38.105621,13.381654,12,48,0.5,0.2,B,APL.026S,,,,,,,,,,,,,,,Potatura ars topiaria base 20-30m²,cad,€575.20,Settecannoli,Settecannoli,II,,,sempreverde,14365.24,14658.41,14365.24,13925.49,img/albero.png
ALB_224,Viale Dei Picciotti - A,35410,979,13/12/1025,Dott. Roberto Marceddu,031,Ficus microcarpa,Cercine,38.105581,13.381724,12,39,0.5,0.2,B,APL.026S,,,,,,,,,,,,,,,Potatura ars topiaria base 20-30m²,cad,€575.20,Settecannoli,Settecannoli,II,,,sempreverde,10966.88,11190.70,10966.88,10631.16,img/albero.png
ALB_225,Viale Dei Picciotti - B,354100,979,13/12/1025,Dott. Roberto Marceddu,032,Ficus microcarpa,Cercine,38.105367,13.382109,12,47,0.5,0.2,B,APL.026S,,,,,,,,,,,,,,,Potatura ars topiaria base 20-30m²,cad,€575.20,Settecannoli,Settecannoli,II,,,sempreverde,13977.40,14262.66,13977.40,13549.52,img/albero.png
ALB_226,Viale Dei Picciotti - B,354100,979,13/12/1025,Dott. Roberto Marceddu,033,Ficus microcarpa,Cercine,38.105325,13.382168,12,45,0.5,0.2,B,APL.026S,,,,,,,,,,,,,,,Potatura ars topiaria base 20-30m²,cad,€575.20,Settecannoli,Settecannoli,II,,,sempreverde,13209.17,13478.75,13209.17,12804.81,img/albero.png
ALB_227,Viale Dei Picciotti - B,354100,979,13/12/1025,Dott. Roberto Marceddu,034,Ficus microcarpa,Cercine,38.105279,13.382240,12,47,0.5,0.2,C/D,APL.026S,Ricontrollo post-intervento,,,,,,,,,,,,,,Potatura ars topiaria base 20-30m²,cad,€575.20,Settecannoli,Settecannoli,II,,,sempreverde,4933.20,5033.88,4933.20,4782.18,img/albero.png
ALB_228,Viale Dei Picciotti - B,354100,979,13/12/1025,Dott. Roberto Marceddu,035,Ficus microcarpa,Cercine,38.105183,13.382412,12,52,0.5,0.2,B,APL.026S,,,,,,,,,,,,,,,Potatura ars topiaria base 20-30m²,cad,€575.20,Settecannoli,Settecannoli,II,,,sempreverde,15940.56,16265.88,15940.56,15452.59,img/albero.png
ALB_229,Viale Dei Picciotti - B,354100,979,13/12/1025,Dott. Roberto Marceddu,036,Ficus rubiginosa,Cercine,38.105078,13.382591,12,32,0.5,0.2,B,APL.026S,,,,,,,,,,,,,,,Potatura ars topiaria base 20-30m²,cad,€575.20,Settecannoli,Settecannoli,II,,,sempreverde,7976.56,8139.35,7976.56,7732.38,img/albero.png
ALB_230,Viale Dei Picciotti - B,354100,979,13/12/1025,Dott. Roberto Marceddu,037,Ficus microcarpa,Cercine,38.105053,13.382652,12,40,0.5,0.2,B,APL.026S,,,,,,,,,,,,,,,Potatura ars topiaria base 20-30m²,cad,€575.20,Settecannoli,Settecannoli,II,,,sempreverde,11333.85,11565.15,11333.85,10986.89,img/albero.png
ALB_231,Viale Dei Picciotti - B,354100,979,13/12/1025,Dott. Roberto Marceddu,038,Ficus microcarpa,Cercine,38.105008,13.382723,12,39,0.5,0.2,B,APL.026S,,,,,,,,,,,,,,,Potatura ars topiaria base 20-30m²,cad,€575.20,Settecannoli,Settecannoli,II,,,sempreverde,10966.88,11190.70,10966.88,10631.16,img/albero.png
ALB_232,Viale Dei Picciotti - B,354100,979,13/12/1025,Dott. Roberto Marceddu,039,Ficus microcarpa,Cercine,38.104910,13.382899,12,43,0.5,0.2,C,APL.026S,,,,,,,,,,,,,,,Potatura ars topiaria base 20-30m²,cad,€575.20,Settecannoli,Settecannoli,II,,,sempreverde,10253.86,10463.12,10253.86,9939.97,img/albero.png
ALB_233,Viale Dei Picciotti - B,354100,979,13/12/1025,Dott. Roberto Marceddu,040,Ficus microcarpa,Cercine,38.104861,13.382968,12,55,0.5,0.2,B,APL.026S,,,,,,,,,,,,,,,Potatura ars topiaria base 20-30m²,cad,€575.20,Settecannoli,Settecannoli,II,,,sempreverde,17146.31,17496.24,17146.31,16621.43,img/albero.png
ALB_234,Viale Dei Picciotti - B,354100,979,13/12/1025,Dott. Roberto Marceddu,041,Ficus microcarpa,Cercine,38.104818,13.383057,12,54,0.5,0.2,C,APL.026S,,,,,,,,,,,,,,,Potatura ars topiaria base 20-30m²,cad,€575.20,Settecannoli,Settecannoli,II,,,sempreverde,13787.65,14069.03,13787.65,13365.58,img/albero.png
ALB_235,Viale Dei Picciotti - B,354100,979,13/12/1025,Dott. Roberto Marceddu,042,Ficus microcarpa,Cercine,38.104589,13.383400,12,42,0.5,0.2,B,APL.026S,,,,,,,,,,,,,,,Potatura ars topiaria base 20-30m²,cad,€575.20,Settecannoli,Settecannoli,II,,,sempreverde,12076.01,12322.46,12076.01,11706.33,img/albero.png
ALB_236,Viale Dei Picciotti - B,354100,979,13/12/1025,Dott. Roberto Marceddu,043,Ficus microcarpa,Cercine,38.104550,13.383483,12,49,0.5,0.2,B,APL.026S,,,,,,,,,,,,,,,Potatura ars topiaria base 20-30m²,cad,€575.20,Settecannoli,Settecannoli,II,,,sempreverde,14755.51,15056.64,14755.51,14303.81,img/albero.png
ALB_237,Viale Dei Picciotti - B,354100,979,13/12/1025,Dott. Roberto Marceddu,044,Ficus microcarpa,Cercine,38.104505,13.383552,12,42,0.5,0.2,B,APL.026S,,,,,,,,,,,,,,,Potatura ars topiaria base 20-30m²,cad,€575.20,Settecannoli,Settecannoli,II,,,sempreverde,12076.01,12322.46,12076.01,11706.33,img/albero.png
ALB_238,Viale Dei Picciotti - B,354100,979,13/12/1025,Dott. Roberto Marceddu,045,Ficus microcarpa,Cercine,38.104477,13.383616,12,42,0.5,0.2,B,APL.026S,,,,,,,,,,,,,,,Potatura ars topiaria base 20-30m²,cad,€575.20,Settecannoli,Settecannoli,II,,,sempreverde,12076.01,12322.46,12076.01,11706.33,img/albero.png
ALB_239,Viale Dei Picciotti - B,354100,979,13/12/1025,Dott. Roberto Marceddu,046,Ficus microcarpa,Cercine,38.104447,13.383670,12,43,0.5,0.2,B,APL.026S,,,,,,,,,,,,,,,Potatura ars topiaria base 20-30m²,cad,€575.20,Settecannoli,Settecannoli,II,,,sempreverde,12451.12,12705.22,12451.12,12069.96,img/albero.png
ALB_240,Viale Dei Picciotti - B,354100,979,13/12/1025,Dott. Roberto Marceddu,047,Ficus microcarpa,Cercine,38.104398,13.383754,12,35,0.5,0.2,B,APL.026S,,,,,,,,,,,,,,,Potatura ars topiaria base 20-30m²,cad,€575.20,Settecannoli,Settecannoli,II,,,sempreverde,9527.69,9722.14,9527.69,9236.03,img/albero.png
ALB_241,Viale Dei Picciotti - B,354100,979,13/12/1025,Dott. Roberto Marceddu,048,Ficus microcarpa,Cercine,38.104364,13.383810,12,42,0.5,0.2,B,APL.026S,,,,,,,,,,,,,,,Potatura ars topiaria base 20-30m²,cad,€575.20,Settecannoli,Settecannoli,II,,,sempreverde,12076.01,12322.46,12076.01,11706.33,img/albero.png
ALB_242,Viale Dei Picciotti - B,354100,979,13/12/1025,Dott. Roberto Marceddu,049,Ficus microcarpa,Cercine,38.104326,13.383883,12,42,0.5,0.2,C,APL.026S,,,,,,,,,,,,,,,Potatura ars topiaria base 20-30m²,cad,€575.20,Settecannoli,Settecannoli,II,,,sempreverde,9944.95,10147.91,9944.95,9640.51,img/albero.png
ALB_243,Viale Dei Picciotti - B,354100,979,13/12/1025,Dott. Roberto Marceddu,050,Ficus microcarpa,Cercine,38.104281,13.383954,12,46,0.5,0.2,C,APL.026S,,,,,,,,,,,,,,,Potatura ars topiaria base 20-30m²,cad,€575.20,Settecannoli,Settecannoli,II,,,sempreverde,11193.44,11421.88,11193.44,10850.78,img/albero.png
ALB_244,Viale Dei Picciotti - B,354100,979,13/12/1025,Dott. Roberto Marceddu,051,Ficus microcarpa,Cercine,38.104205,13.384096,12,53,0.5,0.2,B,APL.026S,,,,,,,,,,,,,,,Potatura ars topiaria base 20-30m²,cad,€575.20,Settecannoli,Settecannoli,II,,,sempreverde,16340.22,16673.69,16340.22,15840.01,img/albero.png
ALB_245,Viale Dei Picciotti - B,354100,979,13/12/1025,Dott. Roberto Marceddu,052,Ficus microcarpa,Cercine,38.104081,13.384294,12,53,0.5,0.2,B,APL.026S,,,,,,,,,,,,,,,Potatura ars topiaria base 20-30m²,cad,€575.20,Settecannoli,Settecannoli,II,,,sempreverde,16340.22,16673.69,16340.22,15840.01,img/albero.png
ALB_246,Viale Dei Picciotti - B,354100,979,13/12/1025,Dott. Roberto Marceddu,053,Ficus microcarpa,Cercine,38.103999,13.384447,12,48,0.5,0.2,B,APL.026S,,,,,,,,,,,,,,,,,,Settecannoli,Settecannoli,II,,,sempreverde,14365.24,14658.41,14365.24,13925.49,img/albero.png
ALB_247,Viale Dei Picciotti - B,354100,979,13/12/1025,Dott. Roberto Marceddu,054,Ficus microcarpa,Cercine,38.103910,13.384604,12,50,0.5,0.2,C,APL.026S,,,,,,,,,,,,,,,,,,Settecannoli,Settecannoli,II,,,sempreverde,12474.97,12729.56,12474.97,12093.08,img/albero.png
ALB_248,Viale Dei Picciotti - B,354100,979,13/12/1025,Dott. Roberto Marceddu,055,Ficus microcarpa,Cercine,38.103859,13.384693,12,45,0.5,0.2,B,APL.026S,,,,,,,,,,,,,,,,,,Settecannoli,Settecannoli,II,,,sempreverde,13209.17,13478.75,13209.17,12804.81,img/albero.png
ALB_249,Viale Dei Picciotti - B,354100,979,13/12/1025,Dott. Roberto Marceddu,056,Ficus microcarpa,Cercine,38.103816,13.384760,12,40,0.5,0.2,B,APL.026S,,,,,,,,,,,,,,,,,,Settecannoli,Settecannoli,II,,,sempreverde,11333.85,11565.15,11333.85,10986.89,img/albero.png
ALB_250,Viale Dei Picciotti - B,354100,979,13/12/1025,Dott. Roberto Marceddu,057,Ficus microcarpa,Cercine,38.103769,13.384843,12,45,0.5,0.2,B,APL.026S,,,,,,,,,,,,,,,,,,Settecannoli,Settecannoli,II,,,sempreverde,13209.17,13478.75,13209.17,12804.81,img/albero.png
ALB_251,Viale Dei Picciotti - B,354100,979,13/12/1025,Dott. Roberto Marceddu,058,Ficus microcarpa,Cercine,38.103697,13.384998,12,78,0.5,0.2,B,APL.026S,,,,,,,,,,,,,,,,,,Settecannoli,Settecannoli,II,,,sempreverde,27003.64,27554.73,27003.64,26177.00,img/albero.png
ALB_252,Viale Dei Picciotti - B,354100,979,13/12/1025,Dott. Roberto Marceddu,059,Ficus microcarpa,Cercine,38.103659,13.385064,12,45,0.5,0.2,B,APL.026S,,,,,,,,,,,,,,,,,,Settecannoli,Settecannoli,II,,,sempreverde,13209.17,13478.75,13209.17,12804.81,img/albero.png
ALB_253,Viale Dei Picciotti - B,354100,979,13/12/1025,Dott. Roberto Marceddu,060,Ficus microcarpa,Cercine,38.103619,13.385130,12,42,0.5,0.2,B,APL.026S,,,,,,,,,,,,,,,,,,Settecannoli,Settecannoli,II,,,sempreverde,12076.01,12322.46,12076.01,11706.33,img/albero.png
ALB_254,Viale Dei Picciotti - B,354100,979,13/12/1025,Dott. Roberto Marceddu,061,Ficus microcarpa,Cercine,38.103582,13.385193,12,45,0.5,0.2,B,APL.026S,,,,,,,,,,,,,,,,,,Settecannoli,Settecannoli,II,,,sempreverde,13209.17,13478.75,13209.17,12804.81,img/albero.png
ALB_255,Viale Dei Picciotti - B,354100,979,13/12/1025,Dott. Roberto Marceddu,062,Ficus microcarpa,Cercine,38.103545,13.385248,12,52,0.5,0.2,B,APL.026S,,,,,,,,,,,,,,,,,,Settecannoli,Settecannoli,II,,,sempreverde,15940.56,16265.88,15940.56,15452.59,img/albero.png
ALB_256,Viale Dei Picciotti - B,354100,979,13/12/1025,Dott. Roberto Marceddu,063,Ficus microcarpa,Cercine,38.103477,13.385351,12,45,0.5,0.2,B,APL.026S,,,,,,,,,,,,,,,,,,Settecannoli,Settecannoli,II,,,sempreverde,13209.17,13478.75,13209.17,12804.81,img/albero.png
ALB_257,Viale Dei Picciotti - B,354100,979,13/12/1025,Dott. Roberto Marceddu,064,Ficus microcarpa,Cercine,38.103442,13.385421,12,50,0.5,0.2,B,APL.026S,,,,,,,,,,,,,,,,,,Settecannoli,Settecannoli,II,,,sempreverde,15148.17,15457.32,15148.17,14684.45,img/albero.png
ALB_258,Viale Dei Picciotti - B,354100,979,13/12/1025,Dott. Roberto Marceddu,065,Ficus microcarpa,Cercine,38.103399,13.385485,12,54,0.5,0.2,B,APL.026S,,,,,,,,,,,,,,,,,,Settecannoli,Settecannoli,II,,,sempreverde,16742.15,17083.82,16742.15,16229.63,img/albero.png